Type,Cause,Material,Collapse,Status,Country,Region,Date,temperature_1.9,temperature_1.9.1,temperature_4.5,temperature_7.0,temperature_8.5,cluster
Beam,Collision events,Reinforced concrete,Total,Operational,Germany,Europe,1966,-0.36346,-0.306055,-0.24865,-0.225425,-0.24865,0
Truss,Collision events,Steel,Total,Operational,Germany,Europe,2015,0.96894,1.78409,1.65721,1.445855,1.41198,1
Truss,Collision events,Steel,Partial,Operational,Germany,Europe,1869,0.40503,0.348125,0.21938,0.24437,0.21938,1
Suspension,Collision events,Wood,Partial,Operational,Germany,Europe,1908,-0.37668,0.055205,-0.03791,-0.28186,-0.05782,1
Beam,Collision events,Reinforced concrete,Total,Operational,Germany,Europe,1979,-0.01883,0.18345,0.26149,0.136105,0.11345,0
Beam,Collision events,Reinforced concrete,Total,Operational,Germany,Europe,1979,-0.01883,0.18345,0.26149,0.136105,0.11345,0
Beam,Collision events,Reinforced concrete,Partial,Operational,Germany,Europe,1979,-0.01883,0.18345,0.26149,0.136105,0.11345,0
Suspension,Collision events,Reinforced concrete,Total,Operational,Germany,Europe,1980,-0.44338,-0.00373,0.12866,-0.1676,0.12866,1
Beam,Collision events,Reinforced concrete,Total,Operational,Germany,Europe,1981,-0.55084,0.27051,0.30274,-0.12934,0.30274,0
Beam,Collision events,Reinforced concrete,Total,Operational,Germany,Europe,1998,0.36885,0.470945,0.50696,0.801555,0.64242,0
Truss,Collision events,Steel,Partial,Operational,Germany,Europe,1999,0.53246,0.476545,0.51384,0.624115,0.51384,1
Truss,Collision events,Steel,Partial,Operational,Germany,Europe,1942,-0.17072,0.09372,0.17877,0.228685,0.17877,1
Truss,Collision events,Steel,Total,Operational,Germany,Europe,1945,-0.27856,-0.02144,-0.02468,0.08276,-0.02468,1
Arch,Collision events,Steel,Total,Operational,Germany,Europe,1945,-0.27856,-0.02144,-0.02468,0.08276,-0.02468,0
Arch,Collision events,Steel,Total,Operational,Germany,Europe,1947,-0.05347,-0.065825,0.11378,-0.04279,0.08386,0
Arch,Collision events,Steel,Partial,Operational,Germany,Europe,2005,1.19678,1.27773,1.4646,1.25118,1.39183,0
Slab,Collision events,Reinforced concrete,Total,Operational,Australia,Australasia,2007,0.82997,0.83638,0.77985,0.76796,0.82997,0
Beam,Collision events,Reinforced concrete,Total,Operational,Australia,Australasia,1975,0.36932,0.4722,0.36932,0.49446,0.36932,0
Beam,Collision events,Reinforced concrete,Total,Operational,Australia,Australasia,1977,0.34381,0.348005,0.34326,0.358895,0.34381,0
Beam,Collision events,Reinforced concrete,Partial,Operational,Australia,Australasia,1975,0.36932,0.4722,0.36932,0.49446,0.36932,0
Beam,Collision events,Steel,Partial,Operational,Australia,Australasia,1938,0.67344,0.458225,0.43618,0.55875,0.458225,0
Beam,Collision events,Steel,Total,Operational,Australia,Australasia,1977,0.438,0.478195,0.38235,0.478195,0.397065,0
Truss,Collision events,Reinforced concrete,Partial,Operational,Belgium,Europe,1974,-0.25991,-0.054805,0.01564,-0.1508,0.05665,1
Beam,Collision events,Reinforced concrete,Partial,Operational,China,Asia,2007,0.7542,0.74042,0.73826,0.74042,0.733715,0
Beam,Collision events,Reinforced concrete,Partial,Construction,China,Asia,2008,0.42369,0.70263,0.70296,0.67627,0.71907,0
Beam,Collision events,Reinforced concrete,Total,Operational,China,Asia,2011,0.57581,0.72937,0.78311,0.728325,0.758185,0
Beam,Collision events,Reinforced concrete,Partial,Operational,China,Asia,2024,1.26279,1.438765,1.32652,1.190775,1.51152,0
Beam,Collision events,Reinforced concrete,Partial,Operational,China,Asia,2007,0.7542,0.74042,0.73826,0.74042,0.733715,0
Beam,Collision events,Steel,Partial,Operational,Denmark,Europe,2012,1.49736,1.36648,1.65657,1.46413,1.49736,0
Truss,Collision events,Steel,Partial,Operational,Denmark,Europe,1935,0.06092,0.139565,-0.08327,0.139565,0.21821,1
Beam,Collision events,Reinforced concrete,Partial,Operational,Denmark,Europe,1947,-0.4589,-0.19349,-0.05079,-0.15616,0.23395,0
Beam,Collision events,Reinforced concrete,Partial,Operational,Egypt,Africa,1938,0.3973,0.277995,0.25734,0.336185,0.25734,0
Beam,Collision events,Reinforced concrete,Total,Operational,Finland,Europe,2010,1.1474,1.31238,1.41185,1.302475,1.37314,0
Truss,Collision events,Steel,Partial,Operational,France,Europe,1907,-0.18769,-0.152435,-0.3557,-0.152435,-0.3557,1
Truss,Collision events,Steel,Total,Operational,India,Asia,1977,0.27277,0.28654,0.20447,0.25594,0.20447,1
Beam,Collision events,Steel,Total,Operational,India,Asia,2002,0.82288,0.611335,0.5956,0.55935,0.5956,0
Truss,Collision events,Steel,Total,Operational,Ireland,Europe,2003,1.33325,1.265745,1.33004,1.302455,1.27487,1
Beam,Collision events,Reinforced concrete,Partial,Operational,Norway,Europe,1963,-0.07614,0.404175,0.5813,0.404175,0.38155,0
Suspension,Collision events,Steel,Total,Operational,Panama,Central America,1999,0.47822,0.620025,0.69233,0.67949,0.66665,1
Truss,Collision events,Steel,Total,Operational,United Kingdom,Europe,1957,-0.37701,-0.111725,0.15063,-0.176765,0.15063,1
Arch,Collision events,Composite,Total,Operational,United Kingdom,Europe,1960,0.26606,0.286305,0.30655,0.216935,0.16781,0
Beam,Collision events,Reinforced concrete,Partial,Operational,United Kingdom,Europe,1957,-0.37701,-0.111725,0.15063,-0.176765,0.15063,0
Suspension,Collision events,Reinforced concrete,Total,Operational,United Kingdom,Europe,1975,0.08062,0.179085,0.33412,0.274355,0.33412,1
Suspension,Collision events,Composite,Total,Operational,United Kingdom,Europe,2005,1.43121,1.27234,1.296,1.307755,1.296,0
Truss,Collision events,Steel,Partial,Operational,United Kingdom,Europe,2011,1.24575,1.509655,1.50974,1.391395,1.50957,1
Beam,Collision events,Steel,Total,Operational,Republica Checa,Europe,2008,0.89485,1.22032,1.41352,1.278865,1.41352,0
Arch,Collision events,Steel,Partial,Operational,Sweden,Europe,1980,0.29151,0.388,0.40048,0.33878,0.40048,0
Arch,Collision events,Reinforced concrete,Total,Operational,Sweden,Europe,1980,0.29151,0.388,0.40048,0.33878,0.40048,0
Truss,Collision events,Reinforced concrete,Total,Construction,Sweden,Europe,1980,0.29151,0.388,0.40048,0.33878,0.40048,1
Arch,Collision events,Steel,Total,Operational,Switzerland,Europe,1891,-0.60637,-0.614985,-0.62635,-0.541365,-0.62635,0
Truss,Collision events,Wood,Total,Operational,USA,North America,2005,1.03956,1.021645,1.00373,0.97087,1.00373,1
Arch,Collision events,Wood,Total,Operational,USA,North America,2005,1.03956,1.021645,1.00373,0.97087,1.00373,0
Truss,Collision events,Steel,Total,Operational,USA,North America,1930,-0.00342,0.000435,0.03362,-0.001615,0.06808,1
Arch,Collision events,Steel,Total,Operational,USA,North America,1947,0.07727,0.26019,0.26669,0.18095,0.2318,0
Truss,Collision events,Steel,Total,Operational,USA,North America,1949,0.21447,0.249905,0.28112,0.22729,0.25197,1
Arch,Collision events,Steel,Total,Operational,USA,North America,1957,0.08313,0.12329,0.16345,0.027975,0.05915,0
Arch,Collision events,Steel,Total,Operational,USA,North America,1957,0.08313,0.12329,0.16345,0.027975,0.05915,0
Arch,Collision events,Steel,Total,Operational,USA,North America,1988,0.31552,0.36088,0.37326,0.36895,0.37326,0
Truss,Collision events,Steel,Total,Operational,USA,North America,1993,0.19523,0.177935,0.14128,0.177935,0.14128,1
Arch,Collision events,Steel,Total,Operational,USA,North America,2013,0.94489,1.04729,1.12986,1.090345,1.12986,0
Truss,Collision events,Steel,Total,Operational,USA,North America,2018,1.27376,1.17971,1.25355,1.208535,1.3041,1
Beam,Collision events,Reinforced concrete,Partial,Operational,USA,North America,1974,0.019,0.16921,0.10214,0.0167,0.0144,0
Beam,Collision events,Reinforced concrete,Partial,Operational,USA,North America,1946,0.09774,0.182645,0.21201,0.12551,0.19823,0
Beam,Collision events,Reinforced concrete,Partial,Operational,USA,North America,1953,0.13221,0.150925,0.15186,0.14943,0.20032,0
Beam,Collision events,Reinforced concrete,Partial,Operational,USA,North America,1972,0.14981,0.1572,0.10774,0.128775,0.10774,0
Beam,Collision events,Reinforced concrete,Partial,Operational,USA,North America,2007,0.80627,0.83035,0.90131,0.83035,0.8904,0
Beam,Collision events,Reinforced concrete,Partial,Operational,USA,North America,2010,1.0008,0.97337,1.00828,0.972885,1.0008,0
Beam,Collision events,Steel,Partial,Operational,USA,North America,1877,0.15615,0.017725,0.0656,0.125,0.09935,0
Arch,Collision events,Steel,Partial,Operational,USA,North America,1884,-0.2441,-0.46761,-0.40362,-0.328865,-0.36085,0
Arch,Collision events,Steel,Partial,Operational,USA,North America,1900,-0.11959,0.08791,0.10236,0.054405,0.10236,0
Truss,Collision events,Steel,Partial,Operational,USA,North America,1906,-0.11926,-0.06375,-0.01675,-0.05081,-0.06037,1
Arch,Collision events,Steel,Partial,Operational,USA,North America,1945,0.171,0.257445,0.2302,0.18414,0.27712,0
Arch,Collision events,Steel,Partial,Operational,USA,North America,1957,0.08313,0.12329,0.16345,0.027975,0.05915,0
Truss,Collision events,Steel,Partial,Operational,USA,North America,2005,1.03956,1.021645,1.00373,0.97087,1.00373,1
Arch,Collision events,Steel,Partial,Operational,USA,North America,2011,0.9702,0.92231,0.94214,0.934685,0.94214,0
Truss,Collision events,Steel,Partial,Operational,USA,North America,2011,0.9702,0.92231,0.94214,0.934685,0.94214,1
Beam,Collision events,Reinforced concrete,Partial,Operational,USA,North America,2011,0.9702,0.92231,0.94214,0.934685,0.94214,0
Truss,Collision events,Steel,Partial,Operational,USA,North America,1891,-0.00652,-0.011835,0.01081,-0.028555,-0.01715,1
Arch,Collision events,Steel,Partial,Operational,USA,North America,1942,0.21729,0.22004,0.24359,0.21817,0.22279,0
Truss,Collision events,Steel,Partial,Operational,USA,North America,1905,-0.06936,-0.091185,-0.10129,-0.07522,-0.10129,1
Truss,Collision events,Steel,Partial,Operational,USA,North America,1946,0.09774,0.182645,0.21201,0.12551,0.19823,1
Beam,Collision events,Steel,Partial,Operational,USA,North America,1980,0.13303,0.190515,0.18978,0.18532,0.18086,0
Truss,Collision events,Steel,Partial,Operational,USA,North America,1924,0.0491,0.066455,0.08381,-0.03394,-0.02116,1
Truss,Collision events,Steel,Partial,Operational,USA,North America,1989,0.30332,0.43644,0.56164,0.43644,0.46482,1
Beam,Collision events,Reinforced concrete,Partial,Operational,USA,North America,2001,0.66557,0.84351,0.93102,0.84351,0.93102,0
Beam,Collision events,Reinforced concrete,Partial,Operational,USA,North America,2002,0.95171,0.96303,0.97286,0.965305,0.97286,0
Beam,Collision events,Reinforced concrete,Partial,Operational,USA,North America,2012,1.07535,0.996955,1.07535,1.07661,1.07535,0
Beam,Collision events,Reinforced concrete,Partial,Operational,USA,North America,2013,0.94489,1.04729,1.12986,1.090345,1.12986,0
Beam,Collision events,Reinforced concrete,Partial,Construction,USA,North America,1939,0.192,0.19844,0.2641,0.168115,0.19442,0
Truss,Collision events,Steel,Partial,Operational,USA,North America,1879,0.1078,0.068575,0.09445,0.11711,0.09445,1
Truss,Collision events,Reinforced concrete,Partial,Operational,USA,North America,2012,1.07535,0.996955,1.07535,1.07661,1.07535,1
Beam,Collision events,Reinforced concrete,Partial,Operational,USA,North America,2016,1.13035,1.17316,1.20663,0.9813,1.19312,0
Beam,Collision events,Reinforced concrete,Partial,Operational,USA,North America,2021,1.38443,1.32542,1.40299,1.13418,1.22964,0
Beam,Collision events,Reinforced concrete,Partial,Operational,USA,North America,1970,0.13831,0.08227,0.05171,0.02714,0.00429,0
Beam,Collision events,Reinforced concrete,Partial,Operational,USA,North America,1972,0.14981,0.1572,0.10774,0.128775,0.10774,0
Beam,Collision events,Reinforced concrete,Partial,Operational,USA,North America,1976,-0.05194,0.073015,0.1199,0.101635,0.1199,0
Truss,Collision events,Reinforced concrete,Partial,Operational,USA,North America,1993,0.19523,0.177935,0.14128,0.177935,0.14128,1
Truss,Collision events,Steel,Partial,Operational,USA,North America,1972,0.14981,0.1572,0.10774,0.128775,0.10774,1
Truss,Collision events,Steel,Partial,Operational,USA,North America,1977,-0.04757,0.181585,0.20645,0.09713,0.20645,1
Truss,Collision events,Steel,Partial,Operational,USA,North America,2009,0.96703,0.98269,0.99838,0.98296,0.99835,1
Truss,Collision events,Steel,Total,Operational,USA,North America,2023,1.5771,1.55138,1.44415,1.353635,1.55937,1
Truss,Collision events,Steel,Total,Operational,USA,North America,2024,1.51785,1.452825,1.39924,1.311425,1.55148,1
Truss,Collision events,Steel,Total,Operational,USA,North America,1937,0.01984,0.16003,0.20457,0.171525,0.17602,1
Truss,Collision events,Steel,Total,Operational,USA,North America,1947,0.07727,0.26019,0.26669,0.18095,0.2318,1
Truss,Collision events,Steel,Total,Operational,USA,North America,1978,-0.00112,0.08713,0.10799,0.08713,0.10799,1
Truss,Collision events,Steel,Total,Operational,USA,North America,1979,0.44279,0.40311,0.32108,0.371145,0.28981,1
Truss,Collision events,Steel,Total,Operational,USA,North America,1942,0.21729,0.22004,0.24359,0.21817,0.22279,1
Beam,Collision events,Reinforced concrete,Total,Operational,USA,North America,1999,0.47822,0.620025,0.69233,0.67949,0.66665,0
Truss,Collision events,Steel,Total,Operational,USA,North America,1886,-0.19174,-0.15611,-0.13206,-0.07996,-0.13206,1
Truss,Collision events,Steel,Total,Operational,USA,North America,1892,-0.12252,-0.131075,-0.12252,-0.10773,-0.12252,1
Truss,Collision events,Steel,Total,Operational,USA,North America,1897,0.12593,-0.00536,-0.10815,-0.035935,-0.05058,1
Truss,Collision events,Reinforced concrete,Total,Operational,USA,North America,1980,0.13303,0.190515,0.18978,0.18532,0.18086,1
Truss,Collision events,Reinforced concrete,Total,Operational,USA,North America,2001,0.66557,0.84351,0.93102,0.84351,0.93102,1
Truss,Collision events,Reinforced concrete,Total,Operational,USA,North America,2004,0.83992,0.83122,0.82252,0.82108,0.81964,1
Truss,Collision events,Wood,Total,Operational,USA,North America,1859,0.01059,0.07198,0.08753,0.04956,0.11762,1
Beam,Collision events,Reinforced concrete,Partial,Operational,Venezuela,Central America,1964,-0.25484,-0.064045,0.08168,0.154455,0.08168,0
Beam,Collision events,Reinforced concrete,Partial,Operational,Venezuela,Central America,1964,-0.25484,-0.064045,0.08168,0.154455,0.08168,0
Beam,Collision events,Reinforced concrete,Partial,Construction,Venezuela,Central America,1964,-0.25484,-0.064045,0.08168,0.154455,0.08168,0
Beam,Collision events,Reinforced concrete,Total,Operational,Brazil,Central and SouthAmerica,2019,0.83216,1.10151,1.18568,1.0792,1.07876,0
Trestle,Collision events,Steel,Total,Operational,Canada,North America,2013,1.69712,1.74947,1.83551,1.67746,1.853095,1
Truss,Collision events,Steel,Total,Operational,Canada,North America,1974,0.78636,0.728465,0.68475,0.728465,0.6895,1
Truss,Collision events,Steel,Partial,Operational,Canada,North America,2016,2.19699,2.43839,2.02922,2.300625,2.237015,1
Beam,Flood,Reinforced concrete,Total,Operational,New Zealand,Australasia,1953,0.54776,-0.01203,-0.22668,0.333355,0.29431,0
Beam,Flood,Steel,Total,Operational,USA,North America,1995,1.46182,1.239885,1.04521,1.347745,1.104325,0
Truss,Flood,Steel,Total,Operational,USA,North America,1887,0.54811,0.36153,0.4032,0.384025,0.36153,1
Beam,Flood,Reinforced concrete,Total,Operational,USA,North America,2004,0.77355,0.134055,0.18355,0.64969,0.18446,0
Beam,Construction deficiencies,Reinforced concrete,Total,Construction,Germany,Europe,1940,0.40277,0.06305,0.08299,0.074985,0.116255,0
Suspension,Construction deficiencies,Steel,Total,Construction,Germany,Europe,1945,-0.16957,0.6068,0.66331,0.53404,0.719445,1
Beam,Construction deficiencies,Reinforced concrete,Total,Operational,Germany,Europe,1971,0.37462,0.432745,0.67247,0.432745,0.609865,0
Beam,Construction deficiencies,Reinforced concrete,Partial,Operational,Germany,Europe,2024,0.63116,1.06519,1.16766,1.05945,1.0647,0
Arch,Construction deficiencies,Reinforced concrete,Partial,Construction,Germany,Europe,1926,0.78636,0.728465,0.68475,0.728465,0.6895,0
Beam,Construction deficiencies,Reinforced concrete,Partial,Operational,Germany,Europe,1936,1.88408,1.63863,1.84148,1.70504,1.796925,0
Beam,Construction deficiencies,Reinforced concrete,Partial,Construction,Germany,Europe,1940,1.69712,1.74947,1.83551,1.67746,1.853095,0
Beam,Construction deficiencies,Reinforced concrete,Partial,Construction,Germany,Europe,1974,0.36232,0.4735,0.5124,0.39914,0.4735,0
Truss,Construction deficiencies,Steel,Total,Construction,Germany,Europe,1984,0.53883,0.89052,1.17538,1.104155,1.104155,1
Beam,Construction deficiencies,Reinforced concrete,Partial,Construction,Germany,Europe,1985,2.21305,2.50833,2.23086,2.39545,2.296455,0
Beam,Construction deficiencies,Reinforced concrete,Total,Construction,Brazil,Central and SouthAmerica,2014,0.1086,-0.117415,-0.16482,0.01141,-0.108895,0
Truss,Construction deficiencies,Steel,Total,Construction,Canada,North America,1907,-0.08766,-0.052565,-0.08766,-0.13437,0.04125,1
Truss,Construction deficiencies,Steel,Total,Operational,Canada,North America,1916,0.54811,0.36153,0.4032,0.384025,0.36153,1
Truss,Construction deficiencies,Steel,Total,Construction,Canada,North America,1958,0.00759,0.513815,0.52079,0.117055,0.49991,1
Beam,Construction deficiencies,Reinforced concrete,Total,Construction,Canada,North America,1966,0.40277,0.06305,0.08299,0.074985,0.116255,0
Beam,Construction deficiencies,Reinforced concrete,Partial,Operational,Canada,North America,2006,0.63116,1.06519,1.16766,1.05945,1.0647,0
Beam,Construction deficiencies,Reinforced concrete,Partial,Operational,Canada,North America,2016,2.19699,2.43839,2.02922,2.300625,2.237015,0
Beam,Construction deficiencies,Reinforced concrete,Partial,Operational,Canada,North America,1951,0.91477,0.46594,0.84153,0.87815,0.682335,0
Beam,Construction deficiencies,Reinforced concrete,Partial,Construction,Corea,Asia,1992,0.24725,0.274825,0.24725,0.146725,0.2514,0
Arch,Construction deficiencies,Steel,Total,Construction,Ecuador,Central America,2010,0.24725,0.274825,0.24725,0.146725,0.2514,0
Beam,Construction deficiencies,Concrete,Total,Construction,Ecuador,Central America,2011,0.24725,0.274825,0.24725,0.146725,0.2514,0
Beam,Construction deficiencies,Concrete,Partial,Construction,Ecuador,Central America,2013,0.24725,0.274825,0.24725,0.146725,0.2514,0
Beam,Construction deficiencies,Reinforced concrete,Total,Construction,Estonia,Europe,1928,0.24725,0.274825,0.24725,0.146725,0.2514,0
Truss,Construction deficiencies,Steel,Total,Construction,France,Europe,1846,0.24725,0.274825,0.24725,0.146725,0.2514,1
Suspension,Construction deficiencies,Reinforced concrete,Total,Operational,France,Europe,1985,0.24725,0.274825,0.24725,0.146725,0.2514,1
Beam,Construction deficiencies,Reinforced concrete,Partial,Construction,India,Asia,2014,0.24725,0.274825,0.24725,0.146725,0.2514,0
Beam,Construction deficiencies,Steel,Total,Construction,India,Asia,2016,0.24725,0.274825,0.24725,0.146725,0.2514,0
Truss,Construction deficiencies,Steel,Total,Construction,India,Asia,2023,1.16652,1.228675,1.14985,0.974915,0.91122,1
Truss,Construction deficiencies,Steel,Total,Construction,Japon,Asia,1991,-0.4252,-0.033375,0.02881,0.015505,0.015505,1
Beam,Construction deficiencies,Reinforced concrete,Total,Construction,Japon,Asia,1979,-0.07935,0.2193,0.24713,0.211745,0.211745,0
Beam,Construction deficiencies,Reinforced concrete,Total,Construction,Kenya,Africa,2017,1.30736,0.967965,1.18115,1.1447,1.13291,0
Beam,Construction deficiencies,Steel,Partial,Construction,Paises Bajos,Europe,1967,-0.22926,0.03185,-0.19025,-0.26828,-0.19025,0
Beam,Construction deficiencies,Steel,Total,Construction,Paises Bajos,Europe,1967,-0.22926,0.03185,-0.19025,-0.26828,-0.19025,0
Truss,Construction deficiencies,Reinforced concrete,Total,Construction,Russia,Europe,1925,0.28955,0.60666,0.56203,0.36478,0.63581,1
Beam,Construction deficiencies,Reinforced concrete,Total,Construction,South Africa,Africa,2015,1.10664,1.15054,1.05589,1.240505,1.05788,0
Arch,Construction deficiencies,Reinforced concrete,Total,Construction,Sweden,Europe,1939,-0.19369,-0.11548,0.14531,-0.130675,0.09545,0
Truss,Construction deficiencies,Steel,Total,Construction,Switzerland,Europe,1873,-0.02205,-0.025975,0.07092,-0.09037,-0.02205,1
Truss,Construction deficiencies,Steel,Total,Construction,Switzerland,Europe,1883,-0.01729,-0.031065,-0.01729,0.04199,-0.14124,1
Beam,Construction deficiencies,Reinforced concrete,Partial,Construction,USA,North America,2015,-0.01243,0.112205,0.11853,0.11211,0.10588,0
Beam,Construction deficiencies,Reinforced concrete,Partial,Construction,USA,North America,2003,0.15645,0.117455,0.11887,0.13766,0.11604,0
Beam,Construction deficiencies,Steel,Total,Operational,USA,North America,1887,0.83992,0.83122,0.82252,0.82108,0.81964,0
Arch,Construction deficiencies,Steel,Total,Operational,USA,North America,1887,1.12477,1.096685,1.19433,1.07949,1.20361,0
Suspension,Construction deficiencies,Wood,Total,Operational,USA,North America,1981,0.96703,0.98269,0.99838,0.98296,0.99835,1
Beam,Construction deficiencies,Reinforced concrete,Partial,Construction,Australia,Australasia,2010,0.13831,0.08227,0.05171,0.02714,0.00429,0
Beam,Construction deficiencies,Steel,Total,Operational,United Kingdom,Europe,1879,0.83992,0.83122,0.82252,0.82108,0.81964,0
Beam,Construction deficiencies,Steel,Total,Operational,United Kingdom,Europe,1882,0.07175,-0.094325,-0.07295,-0.07272,-0.1157,0
Beam,Construction deficiencies,Steel,Total,Operational,United Kingdom,Europe,1884,0.07175,-0.094325,-0.07295,-0.07272,-0.1157,0
Beam,Construction deficiencies,Reinforced concrete,Partial,Operational,United Kingdom,Europe,1967,0.95171,0.96303,0.97286,0.965305,0.97286,0
Arch,Construction deficiencies,Reinforced concrete,Total,Construction,Germany,Europe,1894,0.37581,0.340555,0.34943,0.379645,0.34411,0
Truss,Construction deficiencies,Steel,Partial,Construction,Germany,Europe,1905,-0.4895,-0.326925,-0.30673,-0.326925,-0.4023,1
Arch,Construction deficiencies,Rock,Total,Construction,Germany,Europe,1923,-0.40279,-0.16679,-0.13289,-0.154755,-0.14475,0
Truss,Construction deficiencies,Reinforced concrete,Partial,Operational,Germany,Europe,1960,0.05119,0.142195,0.29699,0.142195,0.15425,1
Beam,Construction deficiencies,Reinforced concrete,Partial,Construction,Germany,Europe,1961,-0.07445,0.33033,0.16182,0.081515,0.09967,0
Beam,Construction deficiencies,Reinforced concrete,Partial,Construction,Germany,Europe,1963,-0.27351,-0.01787,0.03982,-0.01787,0.17078,0
Beam,Construction deficiencies,Reinforced concrete,Partial,Construction,Germany,Europe,1966,-0.36346,-0.306055,-0.24865,-0.225425,-0.24865,0
Beam,Construction deficiencies,Steel,Partial,Construction,Germany,Europe,1971,-0.22572,-0.17599,-0.06294,-0.10537,-0.20418,0
Beam,Construction deficiencies,Steel,Partial,Construction,Germany,Europe,1973,0.06635,0.085375,-0.00321,0.03157,0.06635,0
Truss,Construction deficiencies,Wood,Total,Construction,Germany,Europe,1977,-0.73136,-0.4108,-0.36418,-0.55979,-0.36418,1
Truss,Construction deficiencies,Steel,Total,Construction,Germany,Europe,1982,-0.10192,0.137375,0.10798,0.06834,0.10798,1
Beam,Construction deficiencies,Reinforced concrete,Total,Construction,Germany,Europe,1982,-0.10192,0.137375,0.10798,0.06834,0.10798,0
Truss,Construction deficiencies,Reinforced concrete,Partial,Construction,Germany,Europe,1985,0.02685,0.036715,0.11586,0.036715,0.11586,1
Beam,Construction deficiencies,Reinforced concrete,Partial,Construction,Germany,Europe,1995,-0.22693,0.222965,0.35001,0.374855,0.35001,0
Beam,Construction deficiencies,Reinforced concrete,Total,Construction,Australia,Australasia,1970,-0.16381,0.25031,0.48413,0.31559,0.21034,0
Truss,Construction deficiencies,Steel,Total,Construction,Austria,Europe,1891,-0.60637,-0.614985,-0.62635,-0.541365,-0.62635,1
Beam,Construction deficiencies,Reinforced concrete,Partial,Construction,Austria,Europe,1969,-0.19728,-0.11384,0.04486,-0.02701,-0.02362,0
Beam,Construction deficiencies,Reinforced concrete,Total,Construction,Austria,Europe,1970,-0.79116,-0.251375,-0.44234,-0.06924,-0.07807,0
Beam,Construction deficiencies,Reinforced concrete,Partial,Construction,Austria,Europe,1975,-0.44352,-0.363185,-0.32578,-0.43495,-0.32578,0
Beam,Construction deficiencies,Reinforced concrete,Total,Operational,Bangladesh,Asia,1978,0.42803,0.333425,0.32688,0.34042,0.32688,0
Beam,Construction deficiencies,Reinforced concrete,Partial,Operational,Belgium,Europe,1966,-0.36346,-0.306055,-0.24865,-0.225425,-0.24865,0
Arch,Construction deficiencies,Steel,Partial,Operational,Belgium,Europe,1940,-0.013,0.07813,0.1783,0.069875,0.14682,0
Arch,Construction deficiencies,Steel,Partial,Operational,Belgium,Europe,1940,-0.013,0.07813,0.1783,0.069875,0.14682,0
Beam,Construction deficiencies,Reinforced concrete,Partial,Construction,Brazil,Central and SouthAmerica,1970,0.44111,0.343785,0.3426,0.38508,0.31016,0
Truss,Construction deficiencies,Reinforced concrete,Total,Construction,Brazil,Central and SouthAmerica,1971,0.47796,0.392835,0.33743,0.435825,0.36803,1
Beam,Construction deficiencies,Steel,Partial,Operational,Cameroon,Africa,2004,1.20993,1.002755,0.9686,0.77004,0.87498,0
Beam,Construction deficiencies,Steel,Total,Operational,Canada,North America,1857,0.54776,-0.01203,-0.22668,0.333355,0.29431,0
Beam,Construction deficiencies,Reinforced concrete,Total,Operational,Canada,North America,2000,1.46182,1.239885,1.04521,1.347745,1.104325,0
Truss,Construction deficiencies,Steel,Partial,Construction,Canada,North America,1916,0.54811,0.36153,0.4032,0.384025,0.36153,1
Suspension,Construction deficiencies,Reinforced concrete,Partial,Operational,Canada,North America,1957,0.77355,0.134055,0.18355,0.64969,0.18446,1
Arch,Construction deficiencies,Reinforced concrete,Total,Construction,Canada,North America,1966,0.40277,0.06305,0.08299,0.074985,0.116255,0
Arch,Construction deficiencies,Reinforced concrete,Total,Construction,Canada,North America,1982,-0.16957,0.6068,0.66331,0.53404,0.719445,0
Beam,Construction deficiencies,Reinforced concrete,Total,Construction,Canada,North America,1984,0.37462,0.432745,0.67247,0.432745,0.609865,0
Arch,Construction deficiencies,Steel,Total,Operational,China,Asia,1999,0.44772,0.424935,0.5335,0.497555,0.467825,0
Beam,Construction deficiencies,Reinforced concrete,Total,Construction,China,Asia,2005,0.80748,0.76284,0.7793,0.72801,0.76928,0
Arch,Construction deficiencies,Reinforced concrete,Partial,Operational,Corea,Asia,1994,0.00834,0.18827,0.1892,0.17673,0.18827,0
Suspension,Construction deficiencies,Reinforced concrete,Total,Construction,Corea,Asia,1981,-0.1927,0.060115,0.09465,-0.020485,-0.038155,1
Truss,Construction deficiencies,Reinforced concrete,Partial,Operational,Corea,Asia,1994,0.00834,0.18827,0.1892,0.17673,0.18827,1
Beam,Construction deficiencies,Reinforced concrete,Partial,Construction,Denmark,Europe,1972,0.04028,0.372345,0.2323,0.2078,0.2323,0
Beam,Construction deficiencies,Reinforced concrete,Partial,Construction,Denmark,Europe,1971,-0.12813,-0.01853,0.07099,0.025705,0.0288,0
Beam,Construction deficiencies,Reinforced concrete,Partial,Construction,Denmark,Europe,2006,1.34006,1.552375,1.61598,1.6767,1.48877,0
Beam,Construction deficiencies,Concrete,Partial,Operational,Ecuador,Central America,2006,0.82411,0.831935,0.73954,0.77952,0.73954,0
Beam,Construction deficiencies,Concrete,Total,Construction,Ecuador,Central America,2009,1.26101,0.870905,0.84682,0.93909,0.82792,0
Beam,Construction deficiencies,Concrete,Partial,Construction,Ecuador,Central America,2010,0.99277,0.991395,0.99002,0.993035,0.98292,0
Slab,Construction deficiencies,Concrete,Partial,Operational,Ecuador,Central America,2010,0.99277,0.991395,0.99002,0.993035,0.98292,0
Beam,Construction deficiencies,Concrete,Total,Construction,Ecuador,Central America,2011,0.85682,0.860605,0.86439,0.860605,0.88061,0
Suspension,Construction deficiencies,Steel,Total,Operational,Ecuador,Central America,2014,1.15234,0.902745,0.9002,0.902745,0.87358,1
Truss,Construction deficiencies,Steel,Total,Construction,France,Europe,1881,0.29037,0.179755,0.27712,0.279045,0.28097,1
Beam,Construction deficiencies,Reinforced concrete,Total,Construction,Indonesia,Asia,2004,0.77149,0.7739,0.77631,0.7739,0.77631,0
Beam,Construction deficiencies,Reinforced concrete,Total,Operational,Israel,Asia,1997,0.5515,0.681885,0.6967,0.681885,0.66707,0
Beam,Construction deficiencies,Reinforced concrete,Partial,Construction,Italy,Europe,2018,1.1134,1.3816,1.31495,1.13993,1.35073,0
Arch,Construction deficiencies,Reinforced concrete,Total,Operational,Italy,Europe,2020,1.02784,1.22118,1.33399,1.25217,1.43,0
Beam,Construction deficiencies,Reinforced concrete,Total,Construction,Japon,Asia,1984,-0.26543,0.015945,0.01009,0.015945,0.015945,0
Truss,Construction deficiencies,Composite,Total,Operational,Norway,Europe,2016,1.74625,1.4048,1.55461,1.512335,1.57744,1
Truss,Construction deficiencies,Composite,Total,Operational,Norway,Europe,2022,2.10535,1.802205,1.87587,2.01131,1.80477,1
Beam,Construction deficiencies,Steel,Total,Construction,Paises Bajos,Europe,1967,-0.22926,0.03185,-0.19025,-0.26828,-0.19025,0
Beam,Construction deficiencies,Reinforced concrete,Partial,Construction,Palau,North America,1996,0.32121,0.36121,0.36211,0.43654,0.36211,0
Beam,Construction deficiencies,Reinforced concrete,Partial,Operational,United Kingdom,Europe,1970,-0.51272,-0.13388,-0.08252,-0.13388,-0.08252,0
Truss,Construction deficiencies,Composite,Total,Construction,United Kingdom,Europe,1892,0.13577,-0.154465,-0.19929,-0.10942,-0.10964,1
Beam,Construction deficiencies,Reinforced concrete,Partial,Construction,United Kingdom,Europe,1967,-0.24832,0.34135,0.43122,0.133595,0.25148,0
Beam,Construction deficiencies,Reinforced concrete,Total,Construction,South Africa,Africa,1998,0.6119,0.626275,0.65239,0.614965,0.62977,0
Truss,Construction deficiencies,Steel,Total,Construction,Switzerland,Europe,1884,0.15725,-0.68812,-0.55213,-0.456935,-0.55213,1
Truss,Construction deficiencies,Steel,Total,Construction,Switzerland,Europe,1913,-0.45968,-0.48285,-0.45968,-0.48285,-0.45968,1
Beam,Construction deficiencies,Reinforced concrete,Total,Construction,Switzerland,Europe,1973,0.06635,0.085375,-0.00321,0.03157,0.06635,0
Beam,Construction deficiencies,Reinforced concrete,Total,Construction,Switzerland,Europe,1973,0.06635,0.085375,-0.00321,0.03157,0.06635,0
Trestle,Construction deficiencies,Steel,Partial,Operational,USA,North America,1882,0.23578,0.05327,0.07324,0.05327,0.07312,1
Truss,Construction deficiencies,Steel,Partial,Construction,USA,North America,1927,0.13324,0.128935,0.13324,0.13508,0.12463,1
Arch,Construction deficiencies,Reinforced concrete,Partial,Operational,USA,North America,1965,-0.19389,-0.003645,0.03335,0.02922,0.02509,0
Beam,Construction deficiencies,Reinforced concrete,Partial,Construction,USA,North America,1972,0.14981,0.1572,0.10774,0.128775,0.10774,0
Truss,Construction deficiencies,Steel,Partial,Construction,USA,North America,1887,0.07175,-0.094325,-0.07295,-0.07272,-0.1157,1
Truss,Construction deficiencies,Reinforced concrete,Partial,Construction,USA,North America,1949,0.21447,0.249905,0.28112,0.22729,0.25197,1
Beam,Construction deficiencies,Reinforced concrete,Partial,Operational,USA,North America,1975,0.11462,0.155055,0.14397,0.129295,0.11462,0
Beam,Construction deficiencies,Reinforced concrete,Partial,Construction,USA,North America,1982,0.09909,0.10269,0.18449,0.063445,0.09909,0
Beam,Construction deficiencies,Reinforced concrete,Partial,Construction,USA,North America,1982,0.09909,0.10269,0.18449,0.063445,0.09909,0
Beam,Construction deficiencies,Reinforced concrete,Partial,Construction,USA,North America,1985,0.25802,0.258715,0.26773,0.27387,0.28001,0
Beam,Construction deficiencies,Reinforced concrete,Partial,Construction,USA,North America,1988,0.31552,0.36088,0.37326,0.36895,0.37326,0
Beam,Construction deficiencies,Reinforced concrete,Partial,Construction,USA,North America,1989,0.30332,0.43644,0.56164,0.43644,0.46482,0
Beam,Construction deficiencies,Reinforced concrete,Partial,Construction,USA,North America,2004,0.83992,0.83122,0.82252,0.82108,0.81964,0
Truss,Construction deficiencies,Steel,Total,Construction,USA,North America,1993,0.19523,0.177935,0.14128,0.177935,0.14128,1
Arch,Construction deficiencies,Steel,Total,Construction,USA,North America,1911,0.04687,0.097105,0.01173,0.02648,0.01173,0
Truss,Construction deficiencies,Reinforced concrete,Total,Operational,USA,North America,1995,0.49949,0.52246,0.58944,0.567435,0.58944,1
Truss,Construction deficiencies,Reinforced concrete,Total,Operational,USA,North America,2018,1.27376,1.17971,1.25355,1.208535,1.3041,1
Suspension,Construction deficiencies,Steel,Total,Construction,USA,North America,1892,-0.12252,-0.131075,-0.12252,-0.10773,-0.12252,1
Truss,Construction deficiencies,Steel,Total,Operational,USA,North America,1894,0.0291,-0.047145,-0.09726,-0.047145,-0.05756,1
Arch,Construction deficiencies,Reinforced concrete,Total,Operational,USA,North America,2007,0.80627,0.83035,0.90131,0.83035,0.8904,0
Beam,Construction deficiencies,Reinforced concrete,Total,Construction,USA,North America,1952,-0.05472,0.15114,0.15316,0.120605,0.14912,0
Beam,Construction deficiencies,Reinforced concrete,Total,Construction,USA,North America,1989,0.30332,0.43644,0.56164,0.43644,0.46482,0
Beam,Construction deficiencies,Reinforced concrete,Total,Construction,USA,North America,1995,0.49949,0.52246,0.58944,0.567435,0.58944,0
Beam,Construction deficiencies,Wood,Total,Operational,USA,North America,1921,-0.02214,0.060425,0.11669,0.074825,0.05214,0
Truss,Construction deficiencies,Wood,Total,Operational,USA,North America,1950,0.16313,0.109385,0.11879,0.109385,0.09998,1
Truss,Construction deficiencies,Steel,Total,Operational,Canada,North America,1974,0.78636,0.728465,0.68475,0.728465,0.6895,1
Beam,Design error,Reinforced concrete,Total,Operational,Germany,Europe,1970,-0.79116,-0.251375,-0.44234,-0.06924,-0.07807,0
Arch,Design error,Steel,Partial,Operational,China,Asia,1923,-0.22311,0.13917,0.02417,0.05637,0.058505,0
Truss,Design error,Reinforced concrete,Total,Operational,China,Asia,1997,0.4484,0.48232,0.48634,0.49085,0.48232,1
Suspension,Design error,Wood,Total,Operational,France,Europe,1850,-0.54792,-0.052655,0.1396,0.051,0.1396,1
Truss,Design error,Steel,Total,Construction,France,Europe,1907,-0.18769,-0.152435,-0.3557,-0.152435,-0.3557,1
Truss,Design error,Steel,Total,Operational,France,Europe,1884,0.15725,-0.68812,-0.55213,-0.456935,-0.55213,1
Truss,Design error,Steel,Partial,Operational,United Kingdom,Europe,1879,-0.07654,-0.055915,0.12342,-0.25917,0.12342,1
Beam,Design error,Steel,Partial,Operational,United Kingdom,Europe,2018,2.08255,1.608745,1.6046,1.68345,1.75643,0
Suspension,Design error,Steel,Partial,Operational,United Kingdom,Europe,1996,0.20789,0.75493,0.97323,0.840865,0.87967,1
Arch,Design error,Wood,Total,Construction,Switzerland,Europe,1965,-0.33466,-0.36273,-0.33466,-0.36273,-0.33466,0
Arch,Design error,Wood,Total,Operational,USA,North America,1881,0.02573,0.029045,0.04363,0.037995,0.04363,0
Truss,Design error,Wood,Total,Operational,USA,North America,1963,-0.05792,0.03327,0.07929,0.13228,0.05434,1
Arch,Design error,Wood,Total,Operational,USA,North America,2003,0.76479,0.792585,0.84775,0.834065,0.84775,0
Arch,Design error,Reinforced concrete,Total,Operational,USA,North America,2006,0.795,0.823255,0.82946,0.823255,0.91136,0
Arch,Design error,Steel,Total,Operational,USA,North America,1893,0.0038,0.02321,0.0038,-0.00926,0.0038,0
Suspension,Design error,Steel,Total,Operational,USA,North America,1864,0.0901,0.056135,0.07896,0.049545,0.06578,1
Truss,Design error,Steel,Total,Operational,USA,North America,1877,0.15615,0.017725,0.0656,0.125,0.09935,1
Arch,Design error,Steel,Total,Operational,USA,North America,1906,-0.11926,-0.06375,-0.01675,-0.05081,-0.06037,0
Arch,Design error,Steel,Total,Operational,USA,North America,1938,0.28162,0.130215,0.16859,0.14903,0.12947,0
Suspension,Design error,Steel,Total,Operational,USA,North America,1940,0.00594,0.124135,0.17107,0.093425,0.10775,1
Arch,Design error,Steel,Total,Operational,USA,North America,1944,-0.21122,0.076475,0.12889,-0.02355,0.0656,0
Arch,Design error,Steel,Total,Operational,USA,North America,1946,0.09774,0.182645,0.21201,0.12551,0.19823,0
Truss,Design error,Steel,Total,Operational,USA,North America,1952,-0.05472,0.15114,0.15316,0.120605,0.14912,1
Suspension,Design error,Steel,Total,Operational,USA,North America,1967,-0.01243,0.112205,0.11853,0.11211,0.10588,1
Truss,Design error,Steel,Total,Operational,USA,North America,2004,0.83992,0.83122,0.82252,0.82108,0.81964,1
Beam,Design error,Steel,Total,Operational,USA,North America,2018,1.27376,1.17971,1.25355,1.208535,1.3041,0
Truss,Design error,Steel,Partial,Operational,USA,North America,1980,0.13303,0.190515,0.18978,0.18532,0.18086,1
Arch,Design error,Steel,Partial,Operational,USA,North America,2015,1.12477,1.096685,1.19433,1.07949,1.20361,0
Truss,Design error,Steel,Partial,Construction,USA,North America,1893,0.0038,0.02321,0.0038,-0.00926,0.0038,1
Suspension,Design error,Reinforced concrete,Total,Operational,USA,North America,1940,0.00594,0.124135,0.17107,0.093425,0.10775,1
Truss,Design error,Reinforced concrete,Total,Operational,USA,North America,1944,-0.21122,0.076475,0.12889,-0.02355,0.0656,1
Beam,Construction deficiencies,Reinforced concrete,Partial,Operational,Brazil,Central and SouthAmerica,2010,0.81543,0.776475,0.82795,0.85103,0.84574,0
Beam,Overloading,Reinforced concrete,Total,Operational,Argentina,Central America,2014,0.50736,0.589625,0.80182,0.68137,0.82771,0
Arch,Overloading,Reinforced concrete,Partial,Operational,Philippines,Asia,2025,1.07331,1.150525,1.10783,1.05926,1.20241,0
Arch,Overloading,Rock,Partial,Operational,India,Asia,2016,1.13396,0.98772,0.94263,0.99028,0.98382,0
Beam,Overloading,Steel,Partial,Operational,India,Asia,2017,1.21336,0.87227,0.93511,0.81637,0.88605,0
Truss,Overloading,Steel,Total,Operational,United Kingdom,Europe,1882,0.07562,-0.00288,0.01348,0.08121,0.07562,1
Truss,Overloading,Steel,Total,Operational,United Kingdom,Europe,1891,-0.33001,-0.469445,-0.7224,-0.62027,-0.68551,1
Beam,Overloading,Reinforced concrete,Partial,Operational,South Africa,Africa,2017,1.27835,1.177565,1.17687,1.218065,1.33134,0
Beam,Overloading,Reinforced concrete,Partial,Operational,USA,North America,2007,0.80627,0.83035,0.90131,0.83035,0.8904,0
Truss,Overloading,Steel,Total,Operational,USA,North America,1920,-0.00929,-0.029495,-0.00929,-0.016285,-0.00929,1
Truss,Overloading,Steel,Total,Operational,USA,North America,1912,-0.02115,-0.02309,-0.0757,-0.160685,-0.14609,1
Truss,Overloading,Steel,Total,Operational,USA,North America,1876,0.10499,0.0575,0.08905,0.048575,0.08905,1
Suspension,Overloading,Reinforced concrete,Total,Operational,USA,North America,1967,-0.01243,0.112205,0.11853,0.11211,0.10588,1
Beam,Fire,Reinforced concrete,Partial,Operational,USA,North America,1850,-0.02618,-0.00903,-0.04273,-0.00903,-0.02618,0
Beam,Fire,Reinforced concrete,Partial,Operational,USA,North America,1852,-0.03679,0.012495,-0.026,0.034855,-0.026,0
Beam,Fire,Reinforced concrete,Partial,Operational,USA,North America,1854,0.08016,0.10009,0.09115,0.094595,0.09115,0
Beam,Fire,Reinforced concrete,Partial,Operational,USA,North America,1864,0.0901,0.056135,0.07896,0.049545,0.06578,0
Beam,Fire,Steel,Partial,Operational,Greece,Europe,1875,0.18393,-0.101385,-0.06513,-0.017545,0.0594,0
Beam,Fire,Reinforced concrete,Partial,Operational,South Africa,Africa,1875,0.05176,0.10773,0.14598,0.138025,0.14598,0
Truss,Fire,Wood,Total,Operational,USA,North America,1875,0.17537,0.05721,0.03612,0.104855,0.03612,1
Beam,Fire,Wood,Total,Operational,USA,North America,1875,0.17537,0.05721,0.03612,0.104855,0.03612,0
Beam,Fire,Reinforced concrete,Partial,Operational,Germany,Europe,1881,0.29037,0.179755,0.27712,0.279045,0.28097,0
Beam,Fire,Steel,Partial,Operational,USA,North America,1884,-0.2441,-0.46761,-0.40362,-0.328865,-0.36085,0
Truss,Fire,Wood,Total,Operational,USA,North America,1887,0.07175,-0.094325,-0.07295,-0.07272,-0.1157,1
Truss,Fire,Steel,Partial,Operational,USA,North America,1891,-0.00652,-0.011835,0.01081,-0.028555,-0.01715,1
Beam,Fire,Steel,Partial,Operational,USA,North America,1893,0.0038,0.02321,0.0038,-0.00926,0.0038,0
Truss,Fire,Steel,Total,Operational,USA,North America,1905,-0.06936,-0.091185,-0.10129,-0.07522,-0.10129,1
Beam,Fire,Reinforced concrete,Partial,Operational,USA,North America,1905,-0.06936,-0.091185,-0.10129,-0.07522,-0.10129,0
Beam,Fire,Steel,Partial,Operational,Russia,Europe,1906,-0.9058,-0.724705,-0.73775,-0.41108,-0.71166,0
Beam,Fire,Reinforced concrete,Partial,Operational,USA,North America,1912,-0.02115,-0.02309,-0.0757,-0.160685,-0.14609,0
Arch,Fire,Steel,Partial,Operational,USA,North America,1912,-0.02115,-0.02309,-0.0757,-0.160685,-0.14609,0
Beam,Fire,Reinforced concrete,Partial,Operational,USA,North America,1913,-0.11684,-0.234725,-0.24153,-0.20211,-0.24153,0
Suspension,Fire,Steel,Partial,Operational,USA,North America,1913,-0.11684,-0.234725,-0.24153,-0.20211,-0.24153,1
Arch,Fire,Steel,Partial,Operational,USA,North America,1916,-0.06619,-0.14369,-0.11266,-0.089425,-0.11266,0
Beam,Fire,Steel,Partial,Operational,USA,North America,1923,0.05283,0.03346,0.05283,-0.01867,0.00921,0
Truss,Fire,Steel,Partial,Operational,USA,North America,1926,0.01572,0.0473,0.04793,0.041895,0.04793,1
Beam,Fire,Reinforced concrete,Partial,Operational,USA,North America,1930,-0.00342,0.000435,0.03362,-0.001615,0.06808,0
Arch,Fire,Steel,Partial,Operational,USA,North America,1930,-0.00342,0.000435,0.03362,-0.001615,0.06808,0
Arch,Fire,Steel,Partial,Operational,Spain,Europe,1933,0.02007,0.062055,0.04027,0.062055,0.04027,0
Beam,Fire,Reinforced concrete,Partial,Operational,Argentina,Central America,1940,0.03806,0.08641,0.03806,0.13703,0.09913,0
Beam,Fire,Reinforced concrete,Partial,Operational,USA,North America,1941,0.04185,0.11435,0.04703,0.04391,0.04703,0
Beam,Fire,Steel,Partial,Operational,China,Asia,1944,0.1977,0.019425,0.02504,0.03447,0.040085,0
Arch,Fire,Steel,Partial,Operational,Republica Checa,Europe,1945,-0.27856,-0.02144,-0.02468,0.08276,-0.02468,0
Beam,Fire,Reinforced concrete,Partial,Operational,USA,North America,1945,0.171,0.257445,0.2302,0.18414,0.27712,0
Beam,Fire,Reinforced concrete,Partial,Operational,USA,North America,1945,0.171,0.257445,0.2302,0.18414,0.27712,0
Truss,Fire,Steel,Partial,Operational,Spain,Europe,1947,-0.0349,0.17332,0.21379,0.044895,0.15532,1
Beam,Fire,Reinforced concrete,Partial,Operational,USA,North America,1949,0.21447,0.249905,0.28112,0.22729,0.25197,0
Suspension,Fire,Steel,Partial,Operational,USA,North America,1949,0.21447,0.249905,0.28112,0.22729,0.25197,1
Arch,Fire,Steel,Partial,Operational,USA,North America,1949,0.21447,0.249905,0.28112,0.22729,0.25197,0
Arch,Fire,Wood,Partial,Operational,USA,North America,1952,-0.05472,0.15114,0.15316,0.120605,0.14912,0
Suspension,Fire,Steel,Partial,Operational,USA,North America,1952,-0.05472,0.15114,0.15316,0.120605,0.14912,1
Truss,Fire,Steel,Partial,Operational,USA,North America,1953,0.13221,0.150925,0.15186,0.14943,0.20032,1
Beam,Fire,Reinforced concrete,Partial,Operational,Nigeria,Africa,1957,0.47528,0.443695,0.45937,0.42634,0.4911,0
Truss,Fire,Steel,Partial,Operational,United Kingdom,Europe,1957,-0.37701,-0.111725,0.15063,-0.176765,0.15063,1
Beam,Fire,Reinforced concrete,Partial,Operational,USA,North America,1957,0.08313,0.12329,0.16345,0.027975,0.05915,0
Arch,Fire,Reinforced concrete,Partial,Operational,United Kingdom,Europe,1963,-0.07614,0.404175,0.5813,0.404175,0.38155,0
Truss,Fire,Reinforced concrete,Partial,Operational,USA,North America,1963,-0.05792,0.03327,0.07929,0.13228,0.05434,1
Beam,Fire,Reinforced concrete,Partial,Operational,USA,North America,1963,-0.05792,0.03327,0.07929,0.13228,0.05434,0
Beam,Fire,Reinforced concrete,Partial,Operational,USA,North America,1963,-0.05792,0.03327,0.07929,0.13228,0.05434,0
Beam,Fire,Reinforced concrete,Partial,Operational,USA,North America,1964,-0.0079,0.00415,0.05801,0.00415,-0.0079,0
Beam,Fire,Reinforced concrete,Partial,Operational,USA,North America,1964,-0.0079,0.00415,0.05801,0.00415,-0.0079,0
Truss,Fire,Steel,Partial,Operational,USA,North America,1965,-0.19389,-0.003645,0.03335,0.02922,0.02509,1
Beam,Fire,Reinforced concrete,Partial,Operational,USA,North America,1967,-0.01243,0.112205,0.11853,0.11211,0.10588,0
Beam,Fire,Reinforced concrete,Partial,Operational,South Africa,Africa,1972,0.39629,0.32904,0.33083,0.35655,0.33083,0
Beam,Fire,Reinforced concrete,Partial,Operational,USA,North America,1972,0.14981,0.1572,0.10774,0.128775,0.10774,0
Suspension,Fire,Steel,Partial,Operational,USA,North America,1972,0.14981,0.1572,0.10774,0.128775,0.10774,1
Beam,Fire,Reinforced concrete,Total,Operational,Republica Checa,Europe,1976,0.00387,0.169475,0.40259,0.207915,0.32571,0
Beam,Fire,Reinforced concrete,Partial,Operational,USA,North America,1977,-0.04757,0.181585,0.20645,0.09713,0.20645,0
Beam,Fire,Reinforced concrete,Partial,Operational,USA,North America,1980,0.13303,0.190515,0.18978,0.18532,0.18086,0
Arch,Fire,Steel,Partial,Operational,USA,North America,1982,0.09909,0.10269,0.18449,0.063445,0.09909,0
Beam,Fire,Reinforced concrete,Partial,Operational,USA,North America,1987,0.28691,0.2438,0.42544,0.32313,0.35935,0
Arch,Fire,Steel,Partial,Operational,USA,North America,1987,0.28691,0.2438,0.42544,0.32313,0.35935,0
Arch,Fire,Steel,Total,Operational,USA,North America,1988,0.31552,0.36088,0.37326,0.36895,0.37326,0
Beam,Fire,Reinforced concrete,Partial,Operational,USA,North America,1989,0.30332,0.43644,0.56164,0.43644,0.46482,0
Beam,Fire,Reinforced concrete,Partial,Operational,USA,North America,1989,0.30332,0.43644,0.56164,0.43644,0.46482,0
Arch,Fire,Steel,Partial,Operational,Canada,North America,1993,0.41507,0.23867,0.57206,0.493565,0.493565,0
Beam,Fire,Reinforced concrete,Partial,Operational,USA,North America,1993,0.19523,0.177935,0.14128,0.177935,0.14128,0
Beam,Fire,Reinforced concrete,Partial,Operational,USA,North America,1995,0.49949,0.52246,0.58944,0.567435,0.58944,0
Beam,Fire,Reinforced concrete,Partial,Operational,United Kingdom,Europe,1999,0.87642,0.890945,0.96751,0.94282,0.87642,0
Beam,Fire,Reinforced concrete,Partial,Operational,USA,North America,1999,0.47822,0.620025,0.69233,0.67949,0.66665,0
Arch,Fire,Steel,Partial,Operational,USA,North America,1999,0.47822,0.620025,0.69233,0.67949,0.66665,0
Beam,Fire,Reinforced concrete,Partial,Operational,USA,North America,1999,0.47822,0.620025,0.69233,0.67949,0.66665,0
Beam,Fire,Reinforced concrete,Partial,Operational,USA,North America,2002,0.95171,0.96303,0.97286,0.965305,0.97286,0
Arch,Fire,Wood,Total,Operational,USA,North America,2002,0.95171,0.96303,0.97286,0.965305,0.97286,0
Beam,Fire,Reinforced concrete,Partial,Operational,USA,North America,2003,0.76479,0.792585,0.84775,0.834065,0.84775,0
Arch,Fire,Wood,Partial,Operational,USA,North America,2004,0.83992,0.83122,0.82252,0.82108,0.81964,0
Suspension,Fire,Steel,Partial,Operational,USA,North America,2004,0.83992,0.83122,0.82252,0.82108,0.81964,1
Beam,Fire,Steel,Partial,Operational,Germany,Europe,2005,1.19678,1.27773,1.4646,1.25118,1.39183,0
Suspension,Fire,Steel,Partial,Operational,USA,North America,2005,1.03956,1.021645,1.00373,0.97087,1.00373,1
Arch,Fire,Wood,Partial,Operational,USA,North America,2005,1.03956,1.021645,1.00373,0.97087,1.00373,0
Beam,Fire,Reinforced concrete,Partial,Operational,USA,North America,2006,0.795,0.823255,0.82946,0.823255,0.91136,0
Beam,Fire,Reinforced concrete,Partial,Operational,USA,North America,2007,0.80627,0.83035,0.90131,0.83035,0.8904,0
Beam,Fire,Reinforced concrete,Partial,Operational,USA,North America,2009,0.96703,0.98269,0.99838,0.98296,0.99835,0
Beam,Fire,Wood,Partial,Operational,Switzerland,Europe,2010,1.29281,1.56831,1.61932,1.49075,1.54513,0
Truss,Fire,Wood,Partial,Operational,Canada,North America,2013,1.69712,1.74947,1.83551,1.67746,1.853095,1
Beam,Fire,Reinforced concrete,Partial,Operational,USA,North America,2013,0.94489,1.04729,1.12986,1.090345,1.12986,0
Arch,Fire,Steel,Partial,Operational,USA,North America,2013,0.94489,1.04729,1.12986,1.090345,1.12986,0
Beam,Fire,Reinforced concrete,Partial,Operational,USA,North America,2015,1.12477,1.096685,1.19433,1.07949,1.20361,0
Beam,Fire,Reinforced concrete,Partial,Operational,France,Europe,2017,1.57797,1.514765,1.1823,1.741765,1.57273,0
Beam,Fire,Reinforced concrete,Partial,Operational,USA,North America,2017,1.12047,1.179495,1.16717,1.163,1.28349,0
Beam,Fire,Reinforced concrete,Partial,Operational,USA,North America,2017,1.12047,1.179495,1.16717,1.163,1.28349,0
Truss,Fire,Steel,Partial,Operational,USA,North America,2017,1.12047,1.179495,1.16717,1.163,1.28349,1
Beam,Fire,Reinforced concrete,Total,Construction,USA,North America,2017,1.12047,1.179495,1.16717,1.163,1.28349,0
Beam,Fire,Reinforced concrete,Partial,Operational,USA,North America,2018,1.27376,1.17971,1.25355,1.208535,1.3041,0
Beam,Fire,Reinforced concrete,Partial,Operational,USA,North America,2018,1.27376,1.17971,1.25355,1.208535,1.3041,0
Beam,Fire,Reinforced concrete,Partial,Operational,USA,North America,2018,1.27376,1.17971,1.25355,1.208535,1.3041,0
Beam,Fire,Reinforced concrete,Partial,Operational,USA,North America,2018,1.27376,1.17971,1.25355,1.208535,1.3041,0
Suspension,Fire,Steel,Partial,Operational,USA,North America,2018,1.27376,1.17971,1.25355,1.208535,1.3041,1
Beam,Fire,Reinforced concrete,Partial,Operational,USA,North America,2023,1.5771,1.55138,1.44415,1.353635,1.55937,0
Arch,Overloading,Steel,Total,Operational,USA,North America,1938,0.28162,0.130215,0.16859,0.14903,0.12947,0
Truss,Flood,Steel,Partial,Operational,Germany,Europe,1876,0.2827,0.25219,0.24036,0.16702,0.09368,1
Trestle,Flood,Wood,Partial,Operational,USA,North America,1881,0.02573,0.029045,0.04363,0.037995,0.04363,1
Beam,Flood,Wood,Total,Operational,Croatia,Europe,1882,-0.36106,-0.09669,-0.07221,0.09892,-0.07396,0
Truss,Flood,Steel,Total,Operational,USA,North America,1888,0.03852,0.08148,0.08484,0.040985,0.07812,1
Beam,Flood,Wood,Total,Operational,USA,North America,1904,-0.11564,-0.27308,-0.26469,-0.215155,-0.25318,0
Trestle,Flood,Wood,Total,Operational,USA,North America,1906,-0.11926,-0.06375,-0.01675,-0.05081,-0.06037,1
Truss,Flood,Steel,Total,Operational,USA,North America,1915,-0.20493,0.067785,0.05036,-0.065635,0.05036,1
Beam,Flood,Steel,Partial,Operational,Japon,Asia,1934,0.0574,0.11762,0.08748,0.07612,0.09212,0
Arch,Flood,Reinforced concrete,Total,Operational,USA,North America,1946,0.09774,0.182645,0.21201,0.12551,0.19823,0
Slab,Flood,Reinforced concrete,Total,Operational,USA,North America,1951,0.18822,0.255555,0.26153,0.2189,0.24958,0
Truss,Flood,Steel,Total,Operational,New Zealand,Australasia,1953,0.23417,0.303925,0.42558,0.303925,0.444395,1
Beam,Flood,Reinforced concrete,Partial,Construction,Germany,Europe,1969,-0.19728,-0.11384,0.04486,-0.02701,-0.02362,0
Arch,Flood,Rock,Partial,Operational,Spain,Europe,1971,-0.22572,-0.17599,-0.06294,-0.10537,-0.20418,0
Beam,Flood,Reinforced concrete,Partial,Operational,Denmark,Europe,1972,0.04028,0.372345,0.2323,0.2078,0.2323,0
Truss,Flood,Reinforced concrete,Partial,Operational,United Kingdom,Europe,1973,-0.03301,0.147825,0.32878,0.17499,0.22174,1
Arch,Flood,Reinforced concrete,Total,Operational,Serbia,Europe,1975,-0.34535,-0.10327,0.06194,-0.931165,0.14428,0
Beam,Flood,Reinforced concrete,Total,Operational,Italy,Europe,1977,-0.33909,-0.113925,-0.07025,-0.113925,-0.1576,0
Beam,Flood,Reinforced concrete,Total,Operational,USA,North America,1978,-0.00112,0.08713,0.10799,0.08713,0.10799,0
Truss,Flood,Steel,Total,Operational,USA,North America,1981,0.37581,0.340555,0.34943,0.379645,0.34411,1
Truss,Flood,Steel,Partial,Operational,USA,North America,1982,0.09909,0.10269,0.18449,0.063445,0.09909,1
Truss,Flood,Steel,Total,Operational,USA,North America,1982,0.09909,0.10269,0.18449,0.063445,0.09909,1
Suspension,Flood,Steel,Total,Operational,Argentina,Central America,1983,0.28931,0.35264,0.35793,0.3616,0.35793,1
Truss,Flood,Reinforced concrete,Total,Operational,India,Asia,1984,0.52011,0.41104,0.48509,0.446955,0.48509,1
Truss,Flood,Steel,Total,Construction,USA,North America,1985,0.25802,0.258715,0.26773,0.27387,0.28001,1
Beam,Flood,Steel,Total,Operational,USA,North America,1985,0.25802,0.258715,0.26773,0.27387,0.28001,0
Truss,Flood,Reinforced concrete,Total,Operational,United Kingdom,Europe,1987,0.68079,0.64749,0.68079,0.68748,0.61419,1
Arch,Flood,Rock,Total,Operational,Switzerland,Europe,1987,0.07625,0.10586,0.13547,0.10586,0.13547,0
Beam,Flood,Reinforced concrete,Total,Operational,USA,North America,1987,0.28691,0.2438,0.42544,0.32313,0.35935,0
Truss,Flood,Wood,Total,Operational,USA,North America,1987,0.28691,0.2438,0.42544,0.32313,0.35935,1
Truss,Flood,Steel,Total,Operational,India,Asia,1988,0.40348,0.367305,0.34409,0.36603,0.34409,1
Truss,Flood,Reinforced concrete,Total,Operational,Mexico,North America,1989,0.30332,0.46482,0.56164,0.43644,0.46482,1
Arch,Flood,Brick,Total,Operational,United Kingdom,Europe,1989,0.93371,0.87092,0.88501,0.829275,0.85683,0
Arch,Flood,Rock,Total,Operational,Kenya,Africa,1993,0.25312,0.27753,0.34935,0.32256,0.29577,0
Truss,Flood,Reinforced concrete,Total,Operational,Austria,Europe,1995,-0.22693,0.222965,0.35001,0.374855,0.35001,1
Beam,Flood,Steel,Total,Operational,USA,North America,1996,0.55915,0.558975,0.56673,0.540565,0.5588,0
Beam,Flood,Steel,Total,Operational,USA,North America,1996,0.55915,0.558975,0.56673,0.540565,0.5588,0
Beam,Flood,Reinforced concrete,Total,Operational,China,Asia,1999,0.44772,0.424935,0.5335,0.497555,0.467825,0
Beam,Flood,Concrete,Partial,Operational,Ecuador,Central America,2000,0.41616,0.43571,0.41616,0.44077,0.41616,0
Beam,Flood,Concrete,Partial,Operational,Spain,Europe,2000,0.84897,0.82834,0.84897,1.0355,0.97633,0
Slab,Flood,Concrete,Total,Operational,Ecuador,Central America,2001,0.39646,0.454335,0.38318,0.382205,0.39646,0
Beam,Flood,Concrete,Partial,Operational,Ecuador,Central America,2002,0.35872,0.356245,0.35872,0.37184,0.35872,0
Beam,Flood,Wood,Total,Operational,Ecuador,Central America,2002,0.35872,0.356245,0.35872,0.37184,0.35872,0
Beam,Flood,Reinforced concrete,Partial,Operational,USA,North America,2004,0.83992,0.83122,0.82252,0.82108,0.81964,0
Beam,Flood,Reinforced concrete,Partial,Construction,USA,North America,2004,0.83992,0.83122,0.82252,0.82108,0.81964,0
Truss,Flood,Steel,Total,Operational,India,Asia,2005,0.81762,0.772135,0.78111,0.768465,0.76316,1
Arch,Flood,Reinforced concrete,Total,Operational,Malaysia,Asia,2005,0.85563,0.71571,0.70391,0.78238,0.70391,0
Beam,Flood,Wood,Partial,Operational,Australia,Australasia,2008,0.81021,0.77585,0.74149,0.76047,0.74149,0
Beam,Flood,Steel,Partial,Operational,USA,North America,2008,0.89089,0.94784,1.05239,0.909405,0.92133,0
Truss,Flood,Reinforced concrete,Partial,Operational,United Kingdom,Europe,2009,1.59433,1.28474,1.42639,1.54335,1.32232,1
Slab,Flood,Concrete,Total,Operational,Ecuador,Central America,2010,0.99277,0.991395,0.99002,0.993035,0.98292,0
Beam,Flood,Concrete,Total,Operational,Ecuador,Central America,2012,1.07762,1.203635,1.18546,1.179695,1.18546,0
Beam,Flood,Wood,Total,Operational,USA,North America,2012,1.07535,0.996955,1.07535,1.07661,1.07535,0
Beam,Flood,Reinforced concrete,Partial,Operational,Australia,Australasia,2013,0.81656,0.81901,0.81656,0.77286,0.79671,0
Beam,Flood,Wood,Total,Operational,Ecuador,Central America,2013,1.26929,0.891225,0.91786,0.905845,0.90916,0
Beam,Flood,Steel,Partial,Operational,Ecuador,South America,2013,1.26929,0.891225,0.91786,0.905845,0.90916,0
Beam,Flood,Steel,Partial,Operational,Ecuador,South America,2013,1.26929,0.891225,0.91786,0.905845,0.90916,0
Slab,Flood,Concrete,Total,Operational,Ecuador,South America,2014,1.15234,0.902745,0.9002,0.902745,0.87358,0
Beam,Flood,Concrete,Partial,Operational,Ecuador,South America,2014,1.15234,0.902745,0.9002,0.902745,0.87358,0
Beam,Flood,Steel,Partial,Operational,Ecuador,South America,2014,1.15234,0.902745,0.9002,0.902745,0.87358,0
Beam,Flood,Reinforced concrete,Partial,Operational,Italy,Europe,2015,1.08168,1.250195,1.23876,1.22146,1.18534,0
Beam,Flood,Reinforced concrete,Partial,Operational,Norway,Europe,2015,1.66555,1.35205,1.63941,1.659195,1.60491,0
Beam,Flood,Rock,Partial,Operational,United Kingdom,Europe,2015,1.66555,1.35205,1.63941,1.659195,1.60491,0
Slab,Flood,Concrete,Partial,Operational,Ecuador,South America,2017,1.2477,1.04087,1.29801,1.131355,1.10789,0
Truss,Flood,Steel,Total,Operational,Ecuador,South America,2018,1.00471,1.198835,1.09325,1.460845,1.15971,1
Beam,Flood,Reinforced concrete,Total,Operational,Rumania,Europe,2018,1.53742,1.651025,1.95088,2.28703,2.04124,0
Beam,Flood,Steel,Partial,Operational,Ecuador,South America,2019,1.20058,1.338295,1.28168,1.2266,1.14276,0
Beam,Flood,Concrete,Partial,Operational,Ecuador,South America,2019,1.20058,1.338295,1.28168,1.2266,1.14276,0
Beam,Flood,Reinforced concrete,Total,Operational,Italy,Europe,2019,1.38981,1.04082,1.50703,1.09383,1.50477,0
Cable-stayed,Flood,Concrete,Partial,Operational,Ecuador,South America,2020,1.65745,1.40344,1.12028,1.289895,1.33282,0
Beam,Flood,Wood,Total,Operational,Ecuador,South America,2020,1.65745,1.40344,1.12028,1.289895,1.33282,0
Beam,Flood,Steel,Total,Operational,Russia,Europe,2020,1.84413,1.989315,1.8272,1.6226,2.20298,0
Slab,Flood,Concrete,Total,Operational,Ecuador,South America,2022,1.36579,1.260275,1.32675,1.261255,1.23259,0
Suspension,Flood,Steel,Partial,Operational,Ecuador,South America,2022,1.36579,1.260275,1.32675,1.261255,1.23259,1
Beam,Flood,Reinforced concrete,Total,Operational,India,Asia,2023,1.16652,1.228675,1.14985,0.974915,0.91122,0
Beam,Flood,Reinforced concrete,Partial,Operational,China,Asia,2024,1.26279,1.438765,1.32652,1.190775,1.51152,0
Beam,Flood,Reinforced concrete,Total,Operational,China,Asia,2024,1.26279,1.438765,1.32652,1.190775,1.51152,0
Truss,Flood,Steel,Total,Operational,Vietnam,Asia,2024,1.08355,1.179085,1.1812,1.1037,1.16011,1
Truss,Overloading,Steel,Total,Operational,Germany,Europe,1892,-0.29981,-0.22674,-0.07743,-0.22674,-0.07743,1
Suspension,Overloading,Wood,Total,Operational,Argentina,South America,2002,0.73149,0.77007,0.81659,0.843715,0.81659,1
Truss,Overloading,Steel,Partial,Operational,Austria,Europe,1886,-0.10544,-0.21955,-0.30223,-0.11992,-0.13687,1
Beam,Overloading,Reinforced concrete,Total,Construction,Brazil,Central and SouthAmerica,1971,0.47796,0.392835,0.33743,0.435825,0.36803,0
Truss,Overloading,Steel,Total,Operational,Canada,North America,2020,2.21305,2.50833,2.23086,2.39545,2.296455,1
Suspension,Overloading,Reinforced concrete,Partial,Operational,Canada,North America,2003,1.88408,1.63863,1.84148,1.70504,1.796925,1
Truss,Overloading,Steel,Total,Operational,Canada,North America,1896,0.1086,-0.117415,-0.16482,0.01141,-0.108895,1
Suspension,Overloading,Steel,Partial,Operational,Chile,South America,2016,0.69761,0.812715,0.85576,0.715765,0.87178,1
Truss,Overloading,Reinforced concrete,Partial,Operational,China,Asia,2011,0.57581,0.72937,0.78311,0.728325,0.758185,1
Suspension,Overloading,Reinforced concrete,Partial,Operational,China,Asia,2012,0.6196,0.77213,0.78319,0.617615,0.77213,1
Beam,Overloading,Reinforced concrete,Partial,Operational,China,Asia,2019,1.17643,1.16541,1.19474,0.911595,1.13847,0
Truss,Overloading,Steel,Total,Operational,Ecuador,South America,2005,1.16701,0.888215,0.81348,0.870005,0.81348,1
Truss,Overloading,Steel,Total,Operational,Ecuador,South America,2007,0.71594,0.853215,0.87193,0.931825,0.87193,1
Beam,Overloading,Wood,Total,Operational,Ecuador,South America,2009,1.26101,0.870905,0.84682,0.93909,0.82792,0
Suspension,Overloading,Wood,Partial,Operational,Ecuador,South America,2010,0.99277,0.991395,0.99002,0.993035,0.98292,1
Beam,Overloading,Steel,Total,Operational,Ecuador,South America,2013,1.26929,0.891225,0.91786,0.905845,0.90916,0
Suspension,Overloading,Steel,Total,Operational,Ecuador,South America,2015,1.16181,1.17446,1.14392,1.226385,1.20474,1
Suspension,Overloading,Wood,Partial,Operational,Ecuador,South America,2017,1.2477,1.04087,1.29801,1.131355,1.10789,1
Beam,Overloading,Steel,Partial,Operational,Ecuador,South America,2017,1.2477,1.04087,1.29801,1.131355,1.10789,0
Truss,Overloading,Steel,Partial,Operational,Ecuador,South America,2017,1.2477,1.04087,1.29801,1.131355,1.10789,1
Beam,Overloading,Steel,Partial,Operational,Ecuador,South America,2017,1.2477,1.04087,1.29801,1.131355,1.10789,0
Beam,Overloading,Steel,Total,Operational,Ecuador,South America,2018,1.00471,1.198835,1.09325,1.460845,1.15971,0
Truss,Overloading,Steel,Total,Operational,Ecuador,South America,2018,1.00471,1.198835,1.09325,1.460845,1.15971,1
Beam,Overloading,Concrete,Total,Operational,Ecuador,South America,2018,1.00471,1.198835,1.09325,1.460845,1.15971,0
Truss,Overloading,Steel,Total,Operational,Ecuador,South America,2019,1.20058,1.338295,1.28168,1.2266,1.14276,1
Beam,Overloading,Steel,Total,Operational,Ecuador,South America,2020,1.65745,1.40344,1.12028,1.289895,1.33282,0
Arch,Overloading,Steel,Total,Operational,Ecuador,South America,2020,1.65745,1.40344,1.12028,1.289895,1.33282,0
Truss,Overloading,Steel,Total,Operational,Ecuador,South America,2020,1.65745,1.40344,1.12028,1.289895,1.33282,1
Beam,Overloading,Steel,Partial,Operational,Ecuador,South America,2021,1.37848,1.30474,1.20239,1.263535,1.20389,0
Truss,Overloading,Wood,Total,Operational,Spain,Europe,1978,-0.12713,0.001765,-0.01801,0.039635,0.02154,1
Truss,Overloading,Reinforced concrete,Total,Operational,Philippines,Asia,2022,1.07728,1.026195,1.02212,1.047035,1.04549,1
Truss,Overloading,Composite,Total,Operational,Philippines,Asia,1972,0.19752,0.186395,0.19752,0.195275,0.17527,1
Truss,Overloading,Reinforced concrete,Partial,Operational,Philippines,Asia,1977,0.21318,0.31855,0.31896,0.32018,0.30712,1
Suspension,Overloading,Wood,Total,Operational,Philippines,Asia,1983,0.25775,0.179635,0.18518,0.22091,0.18518,1
Beam,Overloading,Reinforced concrete,Total,Operational,France,Europe,2019,1.52578,1.38414,1.72328,1.3311,1.79887,0
Suspension,Overloading,Reinforced concrete,Total,Construction,France,Europe,1931,-0.002,-0.30067,-0.002,0.09532,-0.002,1
Truss,Overloading,Wood,Total,Operational,Hungria,Europe,1877,0.0018,0.00526,0.11136,0.03122,0.06064,1
Beam,Overloading,Reinforced concrete,Partial,Operational,India,Asia,2018,1.04248,0.90212,0.82881,1.03925,0.92171,0
Truss,Overloading,Reinforced concrete,Total,Operational,India,Asia,1977,0.27277,0.28654,0.20447,0.25594,0.20447,1
Suspension,Overloading,Wood,Total,Operational,Indonesia,Asia,2016,0.9174,0.855095,0.86084,0.89111,0.96429,1
Truss,Overloading,Steel,Total,Operational,Ireland,Europe,2007,1.45774,1.38315,1.30856,1.38315,1.30856,1
Suspension,Overloading,Wood,Total,Operational,Malaysia,Asia,1988,0.0748,0.157955,0.2523,0.229715,0.229715,1
Suspension,Overloading,Composite,Total,Operational,Mexico,North America,2005,1.03956,1.03956,1.00373,0.97087,1.00373,0
Suspension,Overloading,Reinforced concrete,Total,Operational,Myanmar,Asia,2018,1.03846,0.92643,1.0123,0.959065,0.94507,1
Suspension,Overloading,Wood,Total,Operational,Peru,South America,1981,0.25357,0.237135,0.25357,0.28983,0.25357,1
Beam,Overloading,Steel,Total,Operational,United Kingdom,Europe,1860,0.16771,0.26147,0.27329,0.17294,0.27329,0
Truss,Overloading,Steel,Total,Operational,United Kingdom,Europe,1861,0.51605,0.445495,0.26885,0.223285,0.19272,1
Beam,Overloading,Steel,Total,Operational,United Kingdom,Europe,1891,-0.33001,-0.469445,-0.7224,-0.62027,-0.68551,0
Truss,Overloading,Steel,Total,Operational,United Kingdom,Europe,1898,0.25243,0.301285,0.25243,0.301285,0.35014,1
Suspension,Overloading,Reinforced concrete,Partial,Operational,United Kingdom,Europe,1978,0.00448,0.45533,0.4609,0.35473,0.44976,1
Truss,Overloading,Steel,Total,Operational,Switzerland,Europe,1891,-0.60637,-0.614985,-0.62635,-0.541365,-0.62635,1
Truss,Overloading,Steel,Partial,Operational,USA,North America,2013,0.94489,1.04729,1.12986,1.090345,1.12986,1
Beam,Overloading,Reinforced concrete,Partial,Operational,USA,North America,2000,0.83988,0.802125,0.73152,0.690955,0.73152,0
Beam,Overloading,Reinforced concrete,Partial,Operational,USA,North America,1973,0.07566,0.148015,0.15731,0.10425,0.13284,0
Beam,Overloading,Reinforced concrete,Partial,Operational,USA,North America,2000,0.83988,0.802125,0.73152,0.690955,0.73152,0
Trestle,Overloading,Wood,Partial,Construction,USA,North America,1855,0.15256,0.12278,0.09696,0.12476,0.1486,1
Truss,Overloading,Steel,Total,Operational,USA,North America,1893,0.0038,0.02321,0.0038,-0.00926,0.0038,1
Suspension,Overloading,Steel,Total,Operational,USA,North America,1965,-0.19389,-0.003645,0.03335,0.02922,0.02509,1
Beam,Overloading,Steel,Total,Operational,USA,North America,1986,0.17477,0.25896,0.25478,0.24129,0.25379,0
Truss,Overloading,Steel,Total,Operational,USA,North America,2019,1.25219,1.227185,1.41139,1.19207,1.2957,1
Truss,Overloading,Steel,Total,Operational,USA,North America,1937,0.01984,0.16003,0.20457,0.171525,0.17602,1
Truss,Overloading,Steel,Total,Operational,USA,North America,1979,0.44279,0.40311,0.32108,0.371145,0.28981,1
Truss,Overloading,Steel,Total,Operational,USA,North America,1979,0.44279,0.40311,0.32108,0.371145,0.28981,1
Suspension,Overloading,Reinforced concrete,Total,Operational,USA,North America,2000,0.83988,0.802125,0.73152,0.690955,0.73152,1
Truss,Overloading,Steel,Total,Operational,USA,North America,1873,-0.00122,0.07175,0.04013,0.038405,0.04013,1
Truss,Overloading,Steel,Total,Operational,USA,North America,1876,0.10499,0.0575,0.08905,0.048575,0.08905,1
Truss,Overloading,Steel,Total,Construction,USA,North America,1893,0.0038,0.02321,0.0038,-0.00926,0.0038,1
Arch,Design error,Reinforced concrete,Total,Operational,Germany,Europe,1913,-0.45968,-0.48285,-0.45968,-0.48285,-0.45968,0
Truss,Design error,Steel,Total,Operational,Germany,Europe,1913,-0.45968,-0.48285,-0.45968,-0.48285,-0.45968,1
Arch,Design error,Reinforced concrete,Partial,Operational,Germany,Europe,1925,0.50146,0.35358,0.32213,0.443245,0.32213,0
Truss,Design error,Reinforced concrete,Total,Operational,Germany,Europe,1913,-0.45968,-0.48285,-0.45968,-0.48285,-0.45968,1
Suspension,Design error,Steel,Partial,Operational,Argentina,South America,1995,-0.22693,0.222965,0.35001,0.374855,0.35001,1
Truss,Design error,Steel,Partial,Operational,Austria,Europe,1982,0.38845,0.40664,0.42513,0.478335,0.46442,1
Beam,Design error,Reinforced concrete,Partial,Operational,Austria,Europe,1990,0.3049,0.70698,0.49412,0.70698,0.63243,0
Truss,Design error,Steel,Partial,Operational,Canada,North America,2013,1.69712,1.74947,1.83551,1.67746,1.853095,1
Beam,Design error,Reinforced concrete,Total,Operational,Canada,North America,1963,0.36232,0.4735,0.5124,0.39914,0.4735,0
Beam,Design error,Reinforced concrete,Partial,Operational,Chile,South America,2004,0.49876,0.50227,0.60462,0.624895,0.60462,0
Beam,Design error,Steel,Total,Operational,Croatia,Europe,2009,1.3511,1.0804,0.96361,1.0804,0.96361,0
Slab,Design error,Concrete,Partial,Operational,Ecuador,South America,2014,1.15234,0.902745,0.9002,0.902745,0.87358,0
Beam,Design error,Concrete,Partial,Operational,Ecuador,South America,2015,1.16181,1.17446,1.14392,1.226385,1.20474,0
Beam,Design error,Concrete,Total,Operational,Ecuador,South America,2015,1.16181,1.17446,1.14392,1.226385,1.20474,0
Slab,Design error,Concrete,Total,Operational,Ecuador,South America,2016,1.28313,1.19128,1.10069,1.242975,1.25728,0
Beam,Design error,Concrete,Total,Operational,Ecuador,South America,2017,1.2477,1.04087,1.29801,1.131355,1.10789,0
Beam,Design error,Concrete,Total,Operational,Ecuador,South America,2018,1.00471,1.198835,1.09325,1.460845,1.15971,0
Beam,Design error,Concrete,Total,Operational,Ecuador,South America,2018,1.00471,1.198835,1.09325,1.460845,1.15971,0
Suspension,Design error,Wood,Partial,Operational,Ecuador,South America,2019,1.20058,1.338295,1.28168,1.2266,1.14276,1
Beam,Design error,Concrete,Total,Operational,Ecuador,South America,2020,1.65745,1.40344,1.12028,1.289895,1.33282,0
Beam,Design error,Steel,Partial,Operational,Ecuador,South America,2021,1.37848,1.30474,1.20239,1.263535,1.20389,0
Beam,Design error,Concrete,Total,Operational,Ecuador,South America,2022,1.36579,1.260275,1.32675,1.261255,1.23259,0
Truss,Design error,Concrete,Partial,Operational,Ecuador,South America,2022,1.36579,1.260275,1.32675,1.261255,1.23259,1
Suspension,Design error,Steel,Total,Operational,France,Europe,1850,-0.54792,-0.052655,0.1396,0.051,0.1396,1
Suspension,Design error,Steel,Total,Operational,France,Europe,1852,-0.01141,0.3207,0.17678,0.333125,0.17678,1
Arch,Design error,Rock,Total,Operational,Greece,Europe,2015,1.08168,1.250195,1.23876,1.22146,1.18534,0
Beam,Design error,Reinforced concrete,Partial,Operational,Greece,Europe,2017,1.07316,1.21317,1.32165,1.33182,1.30993,0
Beam,Design error,Reinforced concrete,Partial,Operational,Greece,Europe,1972,-0.22587,-0.02689,0.08839,-0.012885,-0.00539,0
Arch,Design error,Reinforced concrete,Total,Operational,Greece,Europe,2015,1.08168,1.250195,1.23876,1.22146,1.18534,0
Beam,Design error,Reinforced concrete,Partial,Operational,Ireland,Europe,2009,1.59433,1.28474,1.42639,1.54335,1.32232,0
Arch,Design error,Rock,Partial,Operational,Italy,Europe,1982,-0.24184,0.281055,0.20505,0.15797,0.20505,0
Arch,Design error,Rock,Partial,Operational,Italy,Europe,1983,-0.08562,-0.050035,-0.08562,-0.07152,-0.05742,0
Arch,Design error,Rock,Partial,Operational,Italy,Europe,1984,0.00807,-0.063755,-0.12638,-0.063755,-0.00113,0
Beam,Design error,Reinforced concrete,Total,Operational,Italy,Europe,2018,1.1134,1.3816,1.31495,1.13993,1.35073,0
Truss,Design error,Steel,Total,Operational,Norway,Europe,2023,2.03459,1.75939,1.5347,1.948195,1.58214,1
Arch,Design error,Steel,Total,Operational,New Zealand,Australasia,1953,0.23763,0.176785,0.18503,0.21295,0.1941,0
Beam,Design error,Steel,Total,Operational,Portugal,Europe,2001,0.77295,0.80615,0.87794,0.84711,0.81628,0
Truss,Design error,Steel,Total,Operational,Portugal,Europe,2001,0.77295,0.80615,0.87794,0.84711,0.81628,1
Arch,Design error,Steel,Partial,Operational,United Kingdom,Europe,1968,-0.30181,-0.00479,0.25209,0.026645,0.12353,0
Arch,Design error,Brick,Partial,Operational,United Kingdom,Europe,2009,1.59433,1.28474,1.42639,1.54335,1.32232,0
Arch,Design error,Reinforced concrete,Partial,Operational,United Kingdom,Europe,2019,1.47401,1.95437,1.51697,1.860125,1.44304,0
Arch,Design error,Brick,Total,Operational,United Kingdom,Europe,1914,-0.12528,-0.006065,-0.00555,-0.006065,-0.00658,0
Truss,Design error,Reinforced concrete,Partial,Operational,United Kingdom,Europe,1993,0.29525,0.581905,0.62343,0.363395,0.54038,1
Arch,Design error,Reinforced concrete,Partial,Operational,Rumania,Europe,1926,0.74471,-0.03586,-0.09049,-0.00644,-0.09049,0
Beam,Design error,Reinforced concrete,Partial,Operational,Switzerland,Europe,1987,0.07625,0.10586,0.13547,0.10586,0.13547,0
Truss,Design error,Steel,Partial,Operational,Switzerland,Europe,1974,-0.25991,-0.054805,0.01564,-0.1508,0.05665,1
Arch,Design error,Reinforced concrete,Total,Operational,Switzerland,Europe,1987,0.07625,0.10586,0.13547,0.10586,0.13547,0
Beam,Design error,Reinforced concrete,Total,Operational,USA,North America,2011,0.9702,0.92231,0.94214,0.934685,0.94214,0
Beam,Design error,Reinforced concrete,Total,Operational,USA,North America,2017,1.12047,1.179495,1.16717,1.163,1.28349,0
Suspension,Design error,Wood,Total,Operational,USA,North America,1923,0.05283,0.03346,0.05283,-0.01867,0.00921,1
Beam,Design error,Wood,Total,Operational,USA,North America,1933,0.14796,0.157,0.19857,0.18986,0.17016,0
Beam,Design error,Wood,Total,Operational,USA,North America,1945,0.171,0.257445,0.2302,0.18414,0.27712,0
Arch,Design error,Wood,Total,Operational,USA,North America,1957,0.08313,0.12329,0.16345,0.027975,0.05915,0
Beam,Design error,Wood,Total,Operational,USA,North America,1999,0.47822,0.620025,0.69233,0.67949,0.66665,0
Arch,Design error,Wood,Total,Operational,USA,North America,2011,0.9702,0.92231,0.94214,0.934685,0.94214,0
Beam,Design error,Wood,Total,Operational,USA,North America,2017,1.12047,1.179495,1.16717,1.163,1.28349,0
Beam,Design error,Reinforced concrete,Total,Operational,USA,North America,1938,0.28162,0.130215,0.16859,0.14903,0.12947,0
Beam,Design error,Reinforced concrete,Total,Operational,USA,North America,1989,0.30332,0.43644,0.56164,0.43644,0.46482,0
Beam,Design error,Reinforced concrete,Total,Operational,USA,North America,2016,1.13035,1.17316,1.20663,0.9813,1.19312,0
Truss,Design error,Steel,Total,Operational,USA,North America,1891,-0.00652,-0.011835,0.01081,-0.028555,-0.01715,1
Arch,Design error,Steel,Total,Operational,USA,North America,1900,-0.11959,0.08791,0.10236,0.054405,0.10236,0
Truss,Design error,Steel,Total,Operational,USA,North America,1912,-0.02115,-0.02309,-0.0757,-0.160685,-0.14609,1
Truss,Design error,Steel,Total,Operational,USA,North America,1912,-0.02115,-0.02309,-0.0757,-0.160685,-0.14609,1
Truss,Design error,Steel,Total,Operational,USA,North America,1913,-0.11684,-0.234725,-0.24153,-0.20211,-0.24153,1
Arch,Design error,Steel,Total,Operational,USA,North America,1916,-0.06619,-0.14369,-0.11266,-0.089425,-0.11266,0
Truss,Design error,Steel,Total,Operational,USA,North America,1926,0.01572,0.0473,0.04793,0.041895,0.04793,1
Truss,Design error,Steel,Total,Operational,USA,North America,1936,-0.07551,0.073635,0.12723,-0.04403,0.08893,1
Truss,Design error,Steel,Total,Operational,USA,North America,1949,0.21447,0.249905,0.28112,0.22729,0.25197,1
Truss,Design error,Steel,Total,Operational,USA,North America,1965,-0.19389,-0.003645,0.03335,0.02922,0.02509,1
Arch,Design error,Steel,Total,Operational,USA,North America,1972,0.14981,0.1572,0.10774,0.128775,0.10774,0
Truss,Design error,Steel,Total,Operational,USA,North America,1982,0.09909,0.10269,0.18449,0.063445,0.09909,1
Beam,Design error,Steel,Total,Operational,USA,North America,1987,0.28691,0.2438,0.42544,0.32313,0.35935,0
Truss,Design error,Steel,Total,Operational,USA,North America,1995,0.49949,0.52246,0.58944,0.567435,0.58944,1
Truss,Design error,Steel,Total,Operational,USA,North America,1996,0.55915,0.558975,0.56673,0.540565,0.5588,1
Truss,Design error,Steel,Total,Operational,USA,North America,2005,1.03956,1.021645,1.00373,0.97087,1.00373,1
Truss,Design error,Steel,Total,Operational,USA,North America,2010,1.0008,0.97337,1.00828,0.972885,1.0008,1
Arch,Design error,Steel,Total,Operational,USA,North America,2010,1.0008,0.97337,1.00828,0.972885,1.0008,0
Truss,Design error,Steel,Total,Operational,USA,North America,2011,0.9702,0.92231,0.94214,0.934685,0.94214,1
Truss,Design error,Steel,Total,Operational,USA,North America,2013,0.94489,1.04729,1.12986,1.090345,1.12986,1
Arch,Design error,Steel,Total,Operational,USA,North America,2017,1.12047,1.179495,1.16717,1.163,1.28349,0
Arch,Design error,Steel,Total,Operational,USA,North America,2018,1.27376,1.17971,1.25355,1.208535,1.3041,0
Suspension,Design error,Steel,Total,Operational,USA,North America,1854,0.08016,0.10009,0.09115,0.094595,0.09115,1
Arch,Design error,Wood,Total,Operational,USA,North America,2017,1.12047,1.179495,1.16717,1.163,1.28349,0
Beam,Design error,Reinforced concrete,Partial,Operational,USA,North America,1912,-0.02115,-0.02309,-0.0757,-0.160685,-0.14609,0
Beam,Design error,Reinforced concrete,Partial,Operational,USA,North America,1926,0.01572,0.0473,0.04793,0.041895,0.04793,0
Beam,Design error,Reinforced concrete,Partial,Operational,USA,North America,1999,0.47822,0.620025,0.69233,0.67949,0.66665,0
Truss,Design error,Reinforced concrete,Partial,Operational,USA,North America,2017,1.12047,1.179495,1.16717,1.163,1.28349,1
Arch,Design error,Reinforced concrete,Partial,Operational,USA,North America,2018,1.27376,1.17971,1.25355,1.208535,1.3041,0
Truss,Design error,Wood,Partial,Operational,USA,North America,1949,0.21447,0.249905,0.28112,0.22729,0.25197,1
Beam,Design error,Reinforced concrete,Partial,Operational,USA,North America,1936,-0.07551,0.073635,0.12723,-0.04403,0.08893,0
Truss,Design error,Steel,Partial,Operational,USA,North America,1893,0.0038,0.02321,0.0038,-0.00926,0.0038,1
Arch,Design error,Steel,Partial,Operational,USA,North America,2003,0.76479,0.792585,0.84775,0.834065,0.84775,0
Truss,Design error,Reinforced concrete,Partial,Operational,USA,North America,2010,1.0008,0.97337,1.00828,0.972885,1.0008,1
Beam,Design error,Reinforced concrete,Partial,Operational,USA,North America,1989,0.30332,0.43644,0.56164,0.43644,0.46482,0
Arch,Design error,Reinforced concrete,Partial,Operational,USA,North America,2011,0.9702,0.92231,0.94214,0.934685,0.94214,0
Beam,Design error,Reinforced concrete,Partial,Operational,USA,North America,2017,1.12047,1.179495,1.16717,1.163,1.28349,0
Beam,Design error,Reinforced concrete,Partial,Operational,USA,North America,1933,0.14796,0.157,0.19857,0.18986,0.17016,0
Beam,Design error,Steel,Total,Construction,USA,North America,1962,0.05729,0.127455,0.17178,0.12552,0.16791,0
Truss,Design error,Steel,Total,Operational,USA,North America,1964,-0.0079,0.00415,0.05801,0.00415,-0.0079,1
Truss,Design error,Steel,Total,Operational,USA,North America,1989,0.30332,0.43644,0.56164,0.43644,0.46482,1
Truss,Design error,Steel,Total,Operational,USA,North America,1996,0.55915,0.558975,0.56673,0.540565,0.5588,1
Beam,Design error,Steel,Total,Operational,USA,North America,1998,0.51961,0.61272,0.62289,0.60807,0.62289,0
Beam,Design error,Steel,Total,Operational,USA,North America,2004,0.83992,0.83122,0.82252,0.82108,0.81964,0
Beam,Design error,Steel,Total,Operational,USA,North America,2005,1.03956,1.021645,1.00373,0.97087,1.00373,0
Arch,Design error,Steel,Total,Operational,USA,North America,2011,0.9702,0.92231,0.94214,0.934685,0.94214,0
Beam,Design error,Steel,Total,Operational,USA,North America,2011,0.9702,0.92231,0.94214,0.934685,0.94214,0
Truss,Design error,Steel,Total,Operational,USA,North America,2011,0.9702,0.92231,0.94214,0.934685,0.94214,1
Beam,Design error,Reinforced concrete,Total,Construction,USA,North America,1986,0.17477,0.25896,0.25478,0.24129,0.25379,0
Truss,Design error,Steel,Total,Operational,USA,North America,1977,-0.04757,0.181585,0.20645,0.09713,0.20645,1
Beam,Design error,Wood,Total,Operational,USA,North America,1989,0.30332,0.43644,0.56164,0.43644,0.46482,0
Beam,Design error,Prestressed concrete,Total,Operational,USA,North America,1972,0.14981,0.1572,0.10774,0.128775,0.10774,0
Beam,Design error,Reinforced concrete,Partial,Construction,Vietnam,Asia,2007,0.76047,0.755115,0.73491,0.70014,0.73491,0
Arch,Flood,Steel,Total,Operational,Indonesia,Asia,2018,1.03846,0.92643,1.0123,0.959065,0.94507,0
Beam,Flood,Reinforced concrete,Total,Operational,Nigeria,Africa,2017,1.23885,1.211175,1.22231,1.276205,1.26999,0
Beam,Flood,Reinforced concrete,Total,Operational,Algeria,Africa,2007,1.08285,1.144185,1.16706,1.178965,1.16706,0
Truss,Flood,Steel,Total,Operational,Angola,Africa,2024,1.50836,1.46678,1.51825,1.04377,1.43378,1
Truss,Construction deficiencies,Steel,Partial,Operational,Cote d'Ivoire,Africa,2016,0.99857,1.184435,1.11846,1.165575,1.30125,1
Beam,Construction deficiencies,Reinforced concrete,Partial,Operational,Moroco,Africa,2018,1.30609,1.48244,1.5055,1.64371,1.6556,0
Truss,Flood,Steel,Total,Operational,Ghana,Africa,2024,1.73924,1.552,1.55315,1.42252,1.50216,1
Truss,Construction deficiencies,Steel,Partial,Operational,Camerun,Africa,2004,1.20993,1.002755,0.9686,0.77004,0.87498,1
Beam,Flood,Reinforced concrete,Total,Operational,Libya,Africa,2023,1.81903,1.724995,1.90594,1.77233,1.82225,0
Cable-stayed,Construction deficiencies,Reinforced concrete,Partial,Operational,Senegal,Africa,2021,1.44703,1.41142,1.32286,1.36694,1.51949,0
Beam,Construction deficiencies,Reinforced concrete,Partial,Operational,Lithuania,Europe,2023,2.03459,1.75939,1.5347,1.948195,1.58214,0
Beam,Construction deficiencies,Reinforced concrete,Partial,Operational,Belarus,Europe,2022,1.90855,2.072295,2.34447,1.886325,2.13919,0
Beam,Flood,Reinforced concrete,Partial,Operational,Bolivia,South America,2003,0.76479,0.82038,0.84775,0.834065,0.84775,0
Beam,Construction deficiencies,Reinforced concrete,Partial,Operational,Bolivia,South America,2015,1.12477,1.09763,1.19433,1.07949,1.20361,0
Beam,Construction deficiencies,Reinforced concrete,Total,Operational,Guyana Francesa,South America,2009,0.96703,0.99835,0.99838,0.98296,0.99835,0
Beam,Construction deficiencies,Reinforced concrete,Total,Operational,Nicaragua,South America,2020,1.73886,1.195095,1.37406,1.27553,1.4483,0
Beam,Flood,Reinforced concrete,Partial,Operational,Nicaragua,South America,2024,1.51785,1.452825,1.39924,1.311425,1.55148,0
Beam,Flood,Reinforced concrete,Total,Operational,Honduras,South America,1998,0.51961,0.61272,0.62289,0.60807,0.62289,0
Beam,Flood,Reinforced concrete,Total,Operational,Honduras,South America,2020,1.73886,1.195095,1.37406,1.27553,1.4483,0
Beam,Construction deficiencies,Reinforced concrete,Total,Operational,Brazil,Central and SouthAmerica,2014,0.99316,1.091,0.99316,1.11799,1.04714,0
Truss,Flood,Steel,Total,Operational,Brazil,Central and SouthAmerica,2013,0.66091,0.79814,0.86291,0.83168,0.92999,1
Truss,Flood,Steel,Partial,Operational,Bangladesh,Asia,1933,0.24796,0.23107,0.23026,0.143145,0.23026,1
Beam,Flood,Reinforced concrete,Partial,Operational,Bangladesh,Asia,1995,0.50345,0.45537,0.45046,0.476955,0.42172,0
Truss,Construction deficiencies,Steel,Partial,Operational,Canada,North America,2003,1.88408,1.63863,1.84148,1.70504,1.796925,1
Truss,Construction deficiencies,Steel,Partial,Operational,Austria,Europe,1969,-0.19728,-0.11384,0.04486,-0.02701,-0.02362,1
Truss,Construction deficiencies,Steel,Partial,Construction,United Kingdom,Europe,1970,-0.51272,-0.13388,-0.08252,-0.13388,-0.08252,1
Truss,Construction deficiencies,Steel,Partial,Operational,Germany,Europe,1973,0.06635,0.085375,-0.00321,0.03157,0.06635,1
Truss,Construction deficiencies,Steel,Partial,Operational,Germany,Europe,1971,-0.22572,-0.17599,-0.06294,-0.10537,-0.20418,1
Beam,Construction deficiencies,Reinforced concrete,Partial,Operational,Paraguay,South America,2021,1.38443,1.34863,1.40299,1.13418,1.22964,0
Beam,Construction deficiencies,Steel,Total,Operational,Uruguay,South America,2024,0.90099,1.00268,1.00047,0.93406,0.97666,0
Beam,Design error,Reinforced concrete,Total,Operational,Latvia,Europe,1986,0.65362,0.74299,0.86152,0.78288,0.83236,0
Beam,Flood,Reinforced concrete,Partial,Operational,Slovenia,Europe,2023,1.49184,1.49121,1.52791,1.426955,1.5308,0
Beam,Flood,Reinforced concrete,Partial,Operational,Montenegro,Europe,2010,1.30374,1.3268,1.34986,1.3268,1.30374,0
Beam,Flood,Reinforced concrete,Partial,Operational,Montenegro,Europe,2010,1.30374,1.3268,1.34986,1.3268,1.30374,0
Beam,Flood,Reinforced concrete,Partial,Operational,Montenegro,Europe,2010,1.30374,1.3268,1.34986,1.3268,1.30374,0
Arch,Flood,Reinforced concrete,Partial,Operational,Albania,Europe,2022,1.60335,1.40914,1.78445,1.61952,1.4907,0
Beam,Flood,Reinforced concrete,Partial,Operational,Macedonia,Europe,2022,1.60335,1.40914,1.78445,1.61952,1.4907,0
Beam,Flood,Reinforced concrete,Total,Operational,Iceland,Europe,2015,1.66555,1.35205,1.63941,1.659195,1.60491,0
Truss,Overloading,Composite,Partial,Operational,Republica Democratica del Congo,Africa,2024,1.50836,1.46678,1.51825,1.04377,1.43378,1
Beam,Flood,Composite,Total,Operational,Pakistan,Asia,2006,0.75258,0.711505,0.65142,0.67038,0.65142,0
Beam,Flood,Reinforced concrete,Partial,Operational,Camerun,Africa,2007,0.90085,0.901215,0.90085,0.671115,0.90085,0
Beam,Flood,Reinforced concrete,Total,Operational,Bangladesh,Asia,2008,0.56101,0.582965,0.58256,0.570875,0.58256,0
Beam,Design error,Reinforced concrete,Partial,Operational,Austria,Europe,1982,-0.10192,0.137375,0.10798,0.06834,0.10798,0
Truss,Flood,Steel,Partial,Operational,Austria,Europe,1982,-0.10192,0.137375,0.10798,0.06834,0.10798,1
Beam,Flood,Reinforced concrete,Total,Operational,Austria,Europe,1990,0.3049,0.70698,0.49412,0.70698,0.63243,0
Truss,Flood,Composite,Partial,Operational,Austria,Europe,1995,-0.22693,0.222965,0.35001,0.374855,0.35001,1
Beam,Construction deficiencies,Reinforced concrete,Partial,Operational,Austria,Europe,1976,-0.16056,-0.008145,0.0132,-0.07913,-0.02949,0
Beam,Construction deficiencies,Reinforced concrete,Partial,Operational,Austria,Europe,1975,-0.44352,-0.363185,-0.32578,-0.43495,-0.32578,0
Beam,Construction deficiencies,Reinforced concrete,Partial,Operational,Austria,Europe,1970,-0.79116,-0.251375,-0.44234,-0.06924,-0.07807,0
Beam,Construction deficiencies,Reinforced concrete,Partial,Operational,Austria,Europe,1969,-0.19728,-0.11384,0.04486,-0.02701,-0.02362,0
Beam,Flood,Reinforced concrete,Partial,Operational,Austria,Europe,1959,0.04337,0.301025,0.36324,0.1896,0.27225,0
Truss,Construction deficiencies,Steel,Total,Operational,Austria,Europe,1891,-0.60637,-0.614985,-0.62635,-0.541365,-0.62635,1
Truss,Flood,Steel,Total,Operational,Austria,Europe,1886,-0.10544,-0.21955,-0.30223,-0.11992,-0.13687,1
Truss,Flood,Steel,Partial,Operational,Portugal,Europe,2001,0.77374,0.882675,0.94393,0.89831,0.94393,1
Beam,Fire,Reinforced concrete,Partial,Operational,Italy,Europe,2018,1.1134,1.3816,1.31495,1.13993,1.35073,0
Truss,Flood,Composite,Total,Operational,Italy,Europe,2023,1.49184,1.49121,1.52791,1.426955,1.5308,1
Beam,Overloading,Reinforced concrete,Total,Operational,Italy,Europe,2016,0.94129,1.156245,1.16864,1.2992,1.47189,0
Beam,Flood,Reinforced concrete,Partial,Operational,Italy,Europe,2023,1.49184,1.49121,1.52791,1.426955,1.5308,0
Beam,Construction deficiencies,Reinforced concrete,Total,Operational,Italy,Europe,2020,1.02784,1.22118,1.33399,1.25217,1.43,0
Arch,Flood,Reinforced concrete,Partial,Operational,Thailand,Asia,1901,0.05879,0.10524,0.03899,0.081655,0.05879,0
Beam,Construction deficiencies,Reinforced concrete,Total,Construction,Thailand,Asia,2025,1.07331,1.150525,1.10783,1.05926,1.20241,0
Suspension,Construction deficiencies,Steel,Total,Out of service,Thailand,Asia,2024,1.08355,1.179085,1.1812,1.1037,1.16011,1
Truss,Construction deficiencies,Reinforced concrete,Partial,Out of service,Thailand,Asia,2023,1.07505,1.11481,1.08542,1.146225,1.12926,1
Suspension,Construction deficiencies,Reinforced concrete,Partial,Operational,Thailand,Asia,2017,0.97541,0.898405,0.8457,0.940965,1.04441,1
Truss,Flood,Steel,Total,Out of service,Somalia,Africa,2023,1.31786,1.297425,1.31747,1.34464,1.34694,1
Beam,Flood,Reinforced concrete,Total,Out of service,Sudan,Africa,2024,1.87704,1.863045,2.11411,1.710675,1.90095,0
Beam,Flood,Reinforced concrete,Total,Out of service,Sudan del sur,Africa,2024,1.33595,1.43295,1.52473,1.290915,1.36572,0
Truss,Construction deficiencies,Steel,Partial,Operational,Sudan del sur,Africa,2010,1.07488,0.921685,0.87774,0.921685,0.87774,1
Beam,Flood,Reinforced concrete,Total,Out of service,Uganda,Africa,2024,1.33595,1.43295,1.52473,1.290915,1.36572,0
Beam,Flood,Reinforced concrete,Total,Out of service,Uganda,Africa,2024,1.33595,1.43295,1.52473,1.290915,1.36572,0
Beam,Flood,Reinforced concrete,Total,Out of service,Uganda,Africa,2019,1.15953,1.20316,1.13711,1.168495,1.09516,0
Beam,Flood,Reinforced concrete,Partial,Construction,Uganda,Africa,2023,1.31786,1.297425,1.31747,1.34464,1.34694,0
Truss,Overloading,Steel,Total,Out of service,Mozambique,Africa,2023,1.35143,1.5583,1.44839,1.539515,1.33841,1
Truss,Overloading,Steel,Total,Construction,Laos,Asia,2023,1.07505,1.11481,1.08542,1.146225,1.12926,1
Beam,Construction deficiencies,Concrete,Partial,Construction,Kazakhstan,Asia,2015,1.43234,1.62501,1.57548,0.2428,1.521,0
Beam,Flood,Concrete,Total,Out of service,Syria,Asia,2025,2.28514,1.95889,1.87199,1.803615,1.91278,0
Suspension,Construction deficiencies,Wood,Total,Out of service,Laos,Asia,2016,0.9174,0.855095,0.86084,0.89111,0.96429,1
Truss,Construction deficiencies,Steel,Total,Out of service,Afganistan,Asia,2017,1.21336,0.87227,0.93511,0.81637,0.88605,1
Suspension,Overloading,Steel,Total,Out of service,Cambodia,Asia,2015,0.81787,0.85707,0.89189,0.81926,0.82838,1
Beam,Flood,Reinforced concrete,Total,Out of service,Cambodia,Asia,2018,1.03846,0.92643,1.0123,0.959065,0.94507,0
Beam,Flood,Reinforced concrete,Total,Out of service,Yemen,Asia,2023,1.77671,1.76885,1.68791,1.661165,1.74666,0
Beam,Construction deficiencies,Reinforced concrete,Partial,Out of service,Yemen,Asia,2024,1.8838,1.942085,1.97745,1.647425,1.9336,0
Beam,Flood,Reinforced concrete,Total,Out of service,Oman,Asia,2022,1.67402,1.71746,1.90001,1.42777,1.68157,0
Beam,Flood,Reinforced concrete,Partial,Out of service,Kazakhstan,Asia,2024,1.63794,1.942085,1.97745,0.41026,1.9336,0
Cable-stayed,Overloading,Composite,Partial,Out of service,Uzbekistan,Asia,2015,1.43234,1.62501,1.57548,0.2428,1.521,0
Beam,Overloading,Reinforced concrete,Total,Out of service,Uzbekistan,Asia,2023,1.56771,1.76885,1.68791,0.47932,1.74666,0
Beam,Overloading,Reinforced concrete,Partial,Out of service,Kyrgyzstan,Asia,2025,2.24613,1.95889,1.87199,0.56093,1.91278,0
Beam,Flood,Reinforced concrete,Total,Out of service,Kyrgyzstan,Asia,2024,1.63794,1.942085,1.97745,0.41026,1.9336,0
Beam,Flood,Reinforced concrete,Total,Out of service,Kyrgyzstan,Asia,2024,1.63794,1.942085,1.97745,0.41026,1.9336,0
Beam,Flood,Reinforced concrete,Partial,Out of service,Iran,Asia,2023,1.77671,1.76885,1.68791,1.661165,1.74666,0
Beam,Flood,Reinforced concrete,Partial,Out of service,Iran,Asia,2023,1.56771,1.76885,1.68791,0.47932,1.74666,0
Beam,Flood,Reinforced concrete,Total,Out of service,Uzbekistan,Asia,2024,1.63794,1.942085,1.97745,0.41026,1.9336,0
Beam,Flood,Reinforced concrete,Total,Out of service,Uzbekistan,Asia,2024,1.26084,1.31086,1.18106,1.011055,1.17426,0
Truss,Flood,Steel,Total,Operational,Pakistan,Asia,2024,1.26084,1.31086,1.18106,1.011055,1.17426,1
Beam,Flood,Steel,Total,Construction,Pakistan,Asia,2024,1.26084,1.31086,1.18106,1.011055,1.17426,0
Truss,Construction deficiencies,Steel,Total,Out of service,Buthan,Asia,2021,1.17186,1.06398,0.97838,1.130395,0.98168,1
Truss,Overloading,Steel,Total,Construction,Buthan,Asia,2023,1.16652,1.228675,1.14985,0.974915,0.91122,1
Truss,Overloading,Steel,Total,Out of service,Buthan,Asia,2023,1.16652,1.228675,1.14985,0.974915,0.91122,1
Truss,Construction deficiencies,Steel,Total,Construction,Buthan,Asia,2024,1.26084,1.31086,1.18106,1.011055,1.17426,1
Truss,Construction deficiencies,Steel,Total,Out of service,Buthan,Asia,2013,0.77254,0.88031,0.86119,0.75995,0.86119,1
Beam,Design error,Reinforced concrete,Partial,Operational,Thailand,Asia,2024,1.08355,1.179085,1.1812,1.1037,1.16011,0
Truss,Flood,Steel,Total,Operational,Tanzania,Africa,1992,0.18329,0.27135,0.28795,0.289335,0.28795,1
Beam,Overloading,Reinforced concrete,Total,Operational,Cambodia,Asia,2004,0.77149,0.7739,0.77631,0.7739,0.77631,0
Truss,Construction deficiencies,Steel,Total,Operational,Papua New Guinea,Asia,2004,0.51104,0.51704,0.51909,0.557895,0.51909,1
Beam,Collision events,Reinforced concrete,Partial,Construction,Thailand,Asia,2005,0.85563,0.71571,0.70391,0.78238,0.70391,0
Beam,Design error,Steel,Total,Operational,Liechtenstein,Europe,1970,0.32574,0.350655,0.33575,0.33291,0.33007,0
Truss,Design error,Steel,Total,Operational,Luxembourg,Europe,2014,1.20418,1.109595,1.11847,1.1247,1.10072,1
Beam,Flood,Reinforced concrete,Total,Out of service,Malawi,Africa,2022,1.60335,1.40914,1.78445,1.61952,1.4907,0
Beam,Flood,Reinforced concrete,Total,Operational,Malawi,Africa,2024,1.33595,1.43295,1.52473,1.290915,1.36572,0
Beam,Collision events,Steel,Partial,Operational,Mali,Africa,2024,1.73924,1.552,1.55315,1.42252,1.50216,0
Beam,Design error,Reinforced concrete,Total,Construction,Mali,Africa,2024,1.73924,1.552,1.55315,1.42252,1.50216,0
Beam,Overloading,Steel,Total,Out of service,Mauritius,Africa,2025,1.4697,1.517035,1.23152,1.369955,1.60229,0
Beam,Flood,Reinforced concrete,Total,Construction,Namibia,Africa,2025,1.4065,1.454585,1.35131,1.452015,1.58366,0
Truss,Construction deficiencies,Steel,Total,Out of service,Nauru,Small islands,2019,0.73725,0.748915,0.80114,0.82623,0.83418,1
Beam,Flood,Steel,Partial,Construction,Niger,Africa,2018,1.04774,1.30665,1.16919,1.340965,1.14561,0
Beam,Flood,Reinforced concrete,Total,Construction,Nigeria,Africa,2025,1.57352,1.52396,1.32506,1.351885,1.60314,0
Beam,Flood,Reinforced concrete,Total,Operational,Central African Republic,Africa,2013,1.05783,1.009605,1.01711,0.835015,1.05424,0
Beam,Flood,Prestressed concrete,Total,Operational,Central African Republic,Africa,2016,1.0712,1.127325,1.03334,0.87143,1.13492,0
Beam,Construction deficiencies,Steel,Partial,Construction,Republic of the Congo,Africa,2022,1.27963,1.196075,1.19122,1.09067,1.23522,0
Truss,Flood,Reinforced concrete,Partial,Construction,Republic of the Congo,Africa,2020,1.62795,1.42139,1.00786,0.956225,1.23755,1
Beam,Flood,Reinforced concrete,Total,Out of service,Dominican Republic,North America,2024,2.58803,1.15496,1.20863,1.04377,1.13041,0
Beam,Flood,Reinforced concrete,Total,Out of service,Dominican Republic,North America,2025,2.75266,1.233155,1.12086,1.15823,1.21809,0
Beam,Flood,Reinforced concrete,Total,Construction,Rwanda,Africa,2023,1.31786,1.297425,1.31747,1.34464,1.34694,0
Truss,Flood,Composite,Partial,Operational,Seychelles,Small islands,2004,1.30105,0.9437,0.91107,0.954695,0.91107,1
Beam,Overloading,Composite,Total,Construction,Sierra Lona,Africa,2024,1.73924,1.552,1.55315,1.42252,1.50216,0
Truss,Design error,Composite,Total,Operational,Singapore,Asia,2004,0.77149,0.7739,0.77631,0.7739,0.77631,1
Beam,Flood,Composite,Total,Out of service,Tajikistan,Asia,2019,1.68875,1.584225,1.69901,0.39205,1.79845,0
Beam,Construction deficiencies,Composite,Total,Out of service,Tajikistan,Asia,2022,1.59803,1.71746,1.90001,0.5417,1.68157,0
Beam,Collision events,Composite,Total,Out of service,Togo,Africa,2024,1.73924,1.552,1.55315,1.42252,1.50216,0
Beam,Flood,Composite,Total,Out of service,Trinidad and Tobago,Small islands,2024,2.58803,1.15496,1.20863,1.04377,1.13041,0
Beam,Flood,Composite,Partial,Construction,Tunez ,Africa,2018,1.30609,1.48244,1.5055,1.64371,1.6556,0
Beam,Flood,Reinforced concrete,Total,Out of service,Zimbabwe,Africa,2025,1.4065,1.454585,1.35131,1.452015,1.58366,0
Beam,Flood,Reinforced concrete,Total,Out of service,Zimbabwe,Africa,2025,1.4065,1.454585,1.35131,1.452015,1.58366,0
Beam,Flood,Reinforced concrete,Total,Out of service,Zimbabwe,Africa,2025,1.4065,1.454585,1.35131,1.452015,1.58366,0
Beam,Overloading,Concrete,Partial,Construction,Andorra,Europe,2009,0.83248,1.07979,1.1028,0.99917,1.15729,0
Beam,Flood,Reinforced concrete,Total,Operational,Azerbaijan,Asia,2023,1.77671,1.76885,1.68791,1.661165,1.74666,0
Beam,Overloading,Steel,Total,Operational,Bahamas,Small islands,2020,2.21305,1.09392,0.89115,0.956225,1.02054,0
Truss,Construction deficiencies,Steel,Partial,Operational,Barein,Asia,2025,2.28514,1.95889,1.87199,1.803615,1.91278,1
Beam,Construction deficiencies,Wood,Total,Operational,Belize,Central America,2024,1.51785,1.452825,1.39924,1.311425,1.55148,0
Beam,Flood,Reinforced concrete,Total,Operational,Benin,Africa,2022,1.36937,1.462685,1.27947,1.37744,1.40452,0
Beam,Construction deficiencies,Reinforced concrete,Partial,Operational,Botswana,Africa,2020,1.67965,1.28942,1.18791,1.36919,1.30962,0
Beam,Construction deficiencies,Reinforced concrete,Partial,Construction,Brunei,Asia,2018,1.03846,0.92643,1.0123,0.959065,0.94507,0
Truss,Collision events,Iron,Partial,Operational,Burkina,Africa,2016,0.99857,1.184435,1.11846,1.165575,1.30125,1
Beam,Flood,Reinforced concrete,Total,Operational,Burundi,Africa,2021,2.01204,1.653555,1.63459,1.73134,1.8474,0
Beam,Flood,Reinforced concrete,Total,Operational,Cabo Verde,Africa,2012,1.15512,1.147855,1.11463,1.10441,1.13491,0
Truss,Overloading,Steel,Partial,Construction,Qatar,Asia,2013,1.26306,1.27813,1.42,1.220175,1.42,1
Beam,Flood,Rock,Total,Operational,Chad,Africa,2000,0.91179,0.794375,0.75201,0.61651,0.75201,0
Beam,Flood,Rock,Total,Operational,Dominicana,Small islands,2025,2.75266,1.233155,1.12086,1.15823,1.21809,0
Beam,Design error,Reinforced concrete,Partial,Construction,Emiratos arabes unidos,Asia,2018,1.17769,1.584775,1.48496,1.6586,1.86838,0
Beam,Construction deficiencies,Reinforced concrete,Partial,Construction,Slovakia,Europe,2025,1.43617,2.19136,1.83522,1.904625,1.7551,0
Beam,Construction deficiencies,Reinforced concrete,Total,Operational,Eswatini,Africa,2022,1.4573,1.41544,1.38127,1.354555,1.38181,0
Beam,Flood,Wood,Total,Operational,Fiyi,Small islands,2025,0.84015,0.87943,0.89744,0.92006,0.9183,0
Beam,Flood,Reinforced concrete,Partial,Operational,Gambiia,Africa,2024,1.73924,1.552,1.55315,1.42252,1.50216,0
Beam,Construction deficiencies,Reinforced concrete,Total,Operational,Grenada,Small islands,2015,2.07901,0.9003,0.95674,0.97046,0.93397,0
Truss,Overloading,Steel,Total,Operational,Haiti,Small islands,2016,2.19699,0.958785,0.91271,0.87143,1.02916,1
Beam,Overloading,Composite,Partial,Operational,Islas Salomon,Small islands,2025,0.84015,0.87943,0.89744,0.92006,0.9183,0
Beam,Overloading,Reinforced concrete,Total,Operational,Jamaica,Small islands,2024,2.58803,1.15496,1.20863,1.04377,1.13041,0
Beam,Construction deficiencies,Reinforced concrete,Total,Construction,Jordan,Asia,2003,1.06424,0.89905,1.01453,1.0457,1.01453,0
Beam,Flood,Composite,Partial,Operational,Lesotho,Africa,2020,1.67965,1.28942,1.18791,1.36919,1.30962,0
Beam,Flood,Reinforced concrete,Total,Operational,Liberia,Africa,2025,1.57352,1.52396,1.32506,1.351885,1.60314,0
Beam,Construction deficiencies,Composite,Total,Operational,Mexico,North America,2022,1.42284,1.46604,1.65549,1.28859,1.42562,0
Beam,Flood,Steel,Total,Operational,Ecuador,Central /SouthAmerica,2019,1.20058,1.338295,1.28168,1.2266,1.14276,0
